mongo_id,time,iso,ts,topic,deduplication_id,tenant_name,application_name,device_profile_name,device_name,dev_eui,device_class,dev_addr,f_cnt,f_port,confirmed,adr,dr,region_config_id,raw_object_json,site,sensor_latitude,sensor_longitude,sensor_altitude,raw_tags_json,gateway_id,rssi,snr,temperature_c,humidity,battery_v,door_status,adc_ch0v,digital_status,work_mode,raw_tempc1,raw_tempc_sht,raw_hum_sht,tank_air_gap_mm,tank_air_gap_m,tank_distance,tank_battery_v,tank_temp_c,interrupt_flag,sensor_flag,air_temperature,air_humidity,light_intensity,uv_index,wind_speed,wind_direction,rain_gauge,rain_accumulation,pressure,wind_gust,sensecap_payload_valid,sensecap_payload_hex,sensecap_err
69fee3ff4799c2c468209168,2026-05-09T07:36:31.476177+00:00,2026-05-09T07:36:31.724Z,1778312191724.0,application/3a8594c3-7866-4007-9786-b5ec52b2d117/device/2cf7f1c073400187/event/up,baaa6151-ea93-43e5-9709-667827620499,ChirpStack,monitoring,SenseCAP S2120,1254000489,2cf7f1c073400187,CLASS_A,0098cf41,134.0,3.0,True,True,5.0,au915_0,"{""messages"": [[{""measurementValue"": 11.7, ""type"": ""Air Temperature"", ""measurementId"": ""4097""}, {""measurementValue"": 92, ""measurementId"": ""4098"", ""type"": ""Air Humidity""}, {""measurementId"": ""4099"", ""type"": ""Light Intensity"", ""measurementValue"": 132}, {""measurementId"": ""4190"", ""measurementValue"": 0, ""type"": ""UV Index""}, {""measurementValue"": 2.1, ""measurementId"": ""4105"", ""type"": ""Wind Speed""}], [{""measurementValue"": 222, ""measurementId"": ""4104"", ""type"": ""Wind Direction Sensor""}, {""measurementId"": ""4113"", ""type"": ""Rain Gauge"", ""measurementValue"": 0}, {""type"": ""Barometric Pressure"", ""measurementValue"": 100770, ""measurementId"": ""4101""}], [{""measurementValue"": 2.9, ""measurementId"": ""4191"", ""type"": ""Peak Wind Gust""}, {""measurementValue"": 135.636, ""measurementId"": ""4213"", ""type"": ""Rain Accumulation""}]], ""err"": 0, ""payload"": ""4A00755C000000840000154B00DE00000000275D4C001D000211D4"", ""valid"": true}",Weather Station,-38.6958,143.7734,168.0,"{""alt"": ""168.0"", ""lat"": ""-38.6958"", ""geojson"": ""{\""type\"":\""Point\"",\""coordinates\"":[143.7734,-38.6958,168.0]}"", ""lon"": ""143.7734"", ""site"": ""Weather Station""}",a84041ffff26623c,-86.0,10.8,,,,,,,,,,,,,,,,,,11.7,92.0,132.0,0.0,2.1,222.0,0.0,135.636,100770.0,2.9,True,4A00755C000000840000154B00DE00000000275D4C001D000211D4,0.0
69fef20f4799c2c468209171,2026-05-09T08:36:31.604131+00:00,2026-05-09T08:36:31.828Z,1778315791828.0,application/3a8594c3-7866-4007-9786-b5ec52b2d117/device/2cf7f1c073400187/event/up,e57446d7-61c4-413c-9632-3df8b6f24af4,ChirpStack,monitoring,SenseCAP S2120,1254000489,2cf7f1c073400187,CLASS_A,0098cf41,135.0,3.0,True,True,5.0,au915_0,"{""messages"": [[{""measurementId"": ""4097"", ""measurementValue"": 10.8, ""type"": ""Air Temperature""}, {""type"": ""Air Humidity"", ""measurementValue"": 93, ""measurementId"": ""4098""}, {""measurementId"": ""4099"", ""measurementValue"": 0, ""type"": ""Light Intensity""}, {""measurementId"": ""4190"", ""measurementValue"": 0, ""type"": ""UV Index""}, {""type"": ""Wind Speed"", ""measurementValue"": 0, ""measurementId"": ""4105""}], [{""measurementValue"": 330, ""measurementId"": ""4104"", ""type"": ""Wind Direction Sensor""}, {""measurementValue"": 0, ""measurementId"": ""4113"", ""type"": ""Rain Gauge""}, {""measurementValue"": 100820, ""type"": ""Barometric Pressure"", ""measurementId"": ""4101""}], [{""measurementValue"": 2.9, ""type"": ""Peak Wind Gust"", ""measurementId"": ""4191""}, {""measurementValue"": 135.636, ""type"": ""Rain Accumulation"", ""measurementId"": ""4213""}]], ""valid"": true, ""err"": 0, ""payload"": ""4A006C5D000000000000004B014A0000000027624C001D000211D4""}",Weather Station,-38.6958,143.7734,168.0,"{""site"": ""Weather Station"", ""lat"": ""-38.6958"", ""geojson"": ""{\""type\"":\""Point\"",\""coordinates\"":[143.7734,-38.6958,168.0]}"", ""alt"": ""168.0"", ""lon"": ""143.7734""}",a84041ffff26623c,-71.0,14.8,,,,,,,,,,,,,,,,,,10.8,93.0,0.0,0.0,0.0,330.0,0.0,135.636,100820.0,2.9,True,4A006C5D000000000000004B014A0000000027624C001D000211D4,0.0
69ff001f4799c2c46820917a,2026-05-09T09:36:31.734683+00:00,2026-05-09T09:36:31.964Z,1778319391965.0,application/3a8594c3-7866-4007-9786-b5ec52b2d117/device/2cf7f1c073400187/event/up,d3dbe0dd-ad10-428e-bd51-efd30a85843b,ChirpStack,monitoring,SenseCAP S2120,1254000489,2cf7f1c073400187,CLASS_A,0098cf41,136.0,3.0,True,True,5.0,au915_0,"{""messages"": [[{""type"": ""Air Temperature"", ""measurementValue"": 11, ""measurementId"": ""4097""}, {""measurementValue"": 89, ""measurementId"": ""4098"", ""type"": ""Air Humidity""}, {""type"": ""Light Intensity"", ""measurementValue"": 0, ""measurementId"": ""4099""}, {""measurementValue"": 0, ""measurementId"": ""4190"", ""type"": ""UV Index""}, {""measurementValue"": 1.8, ""measurementId"": ""4105"", ""type"": ""Wind Speed""}], [{""measurementId"": ""4104"", ""type"": ""Wind Direction Sensor"", ""measurementValue"": 216}, {""measurementValue"": 0, ""type"": ""Rain Gauge"", ""measurementId"": ""4113""}, {""measurementId"": ""4101"", ""type"": ""Barometric Pressure"", ""measurementValue"": 100860}], [{""measurementId"": ""4191"", ""type"": ""Peak Wind Gust"", ""measurementValue"": 2.4}, {""measurementId"": ""4213"", ""type"": ""Rain Accumulation"", ""measurementValue"": 135.636}]], ""payload"": ""4A006E59000000000000124B00D80000000027664C0018000211D4"", ""valid"": true, ""err"": 0}",Weather Station,-38.6958,143.7734,168.0,"{""geojson"": ""{\""type\"":\""Point\"",\""coordinates\"":[143.7734,-38.6958,168.0]}"", ""alt"": ""168.0"", ""site"": ""Weather Station"", ""lat"": ""-38.6958"", ""lon"": ""143.7734""}",a84041ffff26623c,-66.0,14.5,,,,,,,,,,,,,,,,,,11.0,89.0,0.0,0.0,1.8,216.0,0.0,135.636,100860.0,2.4,True,4A006E59000000000000124B00D80000000027664C0018000211D4,0.0
69ff0e304799c2c468209183,2026-05-09T10:36:31.851141+00:00,2026-05-09T10:36:32.120Z,1778322992120.0,application/3a8594c3-7866-4007-9786-b5ec52b2d117/device/2cf7f1c073400187/event/up,5990a45c-29fa-49ce-a61f-56d43d551c82,ChirpStack,monitoring,SenseCAP S2120,1254000489,2cf7f1c073400187,CLASS_A,0098cf41,137.0,3.0,True,True,5.0,au915_0,"{""valid"": true, ""messages"": [[{""type"": ""Air Temperature"", ""measurementId"": ""4097"", ""measurementValue"": 11.9}, {""type"": ""Air Humidity"", ""measurementId"": ""4098"", ""measurementValue"": 90}, {""measurementId"": ""4099"", ""type"": ""Light Intensity"", ""measurementValue"": 0}, {""measurementValue"": 0, ""type"": ""UV Index"", ""measurementId"": ""4190""}, {""measurementId"": ""4105"", ""measurementValue"": 1.1, ""type"": ""Wind Speed""}], [{""measurementId"": ""4104"", ""type"": ""Wind Direction Sensor"", ""measurementValue"": 211}, {""type"": ""Rain Gauge"", ""measurementId"": ""4113"", ""measurementValue"": 0}, {""measurementId"": ""4101"", ""type"": ""Barometric Pressure"", ""measurementValue"": 100870}], [{""measurementId"": ""4191"", ""measurementValue"": 3.3, ""type"": ""Peak Wind Gust""}, {""measurementId"": ""4213"", ""type"": ""Rain Accumulation"", ""measurementValue"": 135.636}]], ""payload"": ""4A00775A0000000000000B4B00D30000000027674C0021000211D4"", ""err"": 0}",Weather Station,-38.6958,143.7734,168.0,"{""lat"": ""-38.6958"", ""lon"": ""143.7734"", ""site"": ""Weather Station"", ""geojson"": ""{\""type\"":\""Point\"",\""coordinates\"":[143.7734,-38.6958,168.0]}"", ""alt"": ""168.0""}",a84041ffff26623c,-67.0,15.2,,,,,,,,,,,,,,,,,,11.9,90.0,0.0,0.0,1.1,211.0,0.0,135.636,100870.0,3.3,True,4A00775A0000000000000B4B00D30000000027674C0021000211D4,0.0
69ff1c404799c2c46820918d,2026-05-09T11:36:31.975937+00:00,2026-05-09T11:36:32.207Z,1778326592207.0,application/3a8594c3-7866-4007-9786-b5ec52b2d117/device/2cf7f1c073400187/event/up,6ea51115-4cfd-4453-ba5f-22efa5f6129c,ChirpStack,monitoring,SenseCAP S2120,1254000489,2cf7f1c073400187,CLASS_A,0098cf41,138.0,3.0,True,True,5.0,au915_0,"{""valid"": true, ""messages"": [[{""measurementValue"": 12, ""type"": ""Air Temperature"", ""measurementId"": ""4097""}, {""measurementId"": ""4098"", ""type"": ""Air Humidity"", ""measurementValue"": 89}, {""type"": ""Light Intensity"", ""measurementValue"": 0, ""measurementId"": ""4099""}, {""type"": ""UV Index"", ""measurementValue"": 0, ""measurementId"": ""4190""}, {""type"": ""Wind Speed"", ""measurementId"": ""4105"", ""measurementValue"": 0}], [{""measurementValue"": 70, ""measurementId"": ""4104"", ""type"": ""Wind Direction Sensor""}, {""type"": ""Rain Gauge"", ""measurementValue"": 0, ""measurementId"": ""4113""}, {""measurementValue"": 100890, ""measurementId"": ""4101"", ""type"": ""Barometric Pressure""}], [{""measurementId"": ""4191"", ""measurementValue"": 3.7, ""type"": ""Peak Wind Gust""}, {""measurementId"": ""4213"", ""type"": ""Rain Accumulation"", ""measurementValue"": 135.636}]], ""err"": 0, ""payload"": ""4A007859000000000000004B00460000000027694C0025000211D4""}",Weather Station,-38.6958,143.7734,168.0,"{""lon"": ""143.7734"", ""site"": ""Weather Station"", ""geojson"": ""{\""type\"":\""Point\"",\""coordinates\"":[143.7734,-38.6958,168.0]}"", ""alt"": ""168.0"", ""lat"": ""-38.6958""}",a84041ffff26623c,-67.0,9.8,,,,,,,,,,,,,,,,,,12.0,89.0,0.0,0.0,0.0,70.0,0.0,135.636,100890.0,3.7,True,4A007859000000000000004B00460000000027694C0025000211D4,0.0
69ff2a504799c2c468209196,2026-05-09T12:36:32.097060+00:00,2026-05-09T12:36:32.356Z,1778330192356.0,application/3a8594c3-7866-4007-9786-b5ec52b2d117/device/2cf7f1c073400187/event/up,34a4c5db-1db0-4940-b78c-6d7711a0e7b5,ChirpStack,monitoring,SenseCAP S2120,1254000489,2cf7f1c073400187,CLASS_A,0098cf41,139.0,3.0,True,True,5.0,au915_0,"{""err"": 0, ""payload"": ""4A00765E000000000000004B00D300000000276C4C0017000211D4"", ""messages"": [[{""measurementValue"": 11.8, ""measurementId"": ""4097"", ""type"": ""Air Temperature""}, {""type"": ""Air Humidity"", ""measurementId"": ""4098"", ""measurementValue"": 94}, {""measurementValue"": 0, ""measurementId"": ""4099"", ""type"": ""Light Intensity""}, {""measurementValue"": 0, ""measurementId"": ""4190"", ""type"": ""UV Index""}, {""measurementId"": ""4105"", ""measurementValue"": 0, ""type"": ""Wind Speed""}], [{""measurementValue"": 211, ""measurementId"": ""4104"", ""type"": ""Wind Direction Sensor""}, {""type"": ""Rain Gauge"", ""measurementValue"": 0, ""measurementId"": ""4113""}, {""measurementId"": ""4101"", ""measurementValue"": 100920, ""type"": ""Barometric Pressure""}], [{""measurementId"": ""4191"", ""type"": ""Peak Wind Gust"", ""measurementValue"": 2.3}, {""measurementId"": ""4213"", ""measurementValue"": 135.636, ""type"": ""Rain Accumulation""}]], ""valid"": true}",Weather Station,-38.6958,143.7734,168.0,"{""lat"": ""-38.6958"", ""lon"": ""143.7734"", ""site"": ""Weather Station"", ""geojson"": ""{\""type\"":\""Point\"",\""coordinates\"":[143.7734,-38.6958,168.0]}"", ""alt"": ""168.0""}",a84041ffff26623c,-67.0,15.0,,,,,,,,,,,,,,,,,,11.8,94.0,0.0,0.0,0.0,211.0,0.0,135.636,100920.0,2.3,True,4A00765E000000000000004B00D300000000276C4C0017000211D4,0.0
69ff38604799c2c46820919f,2026-05-09T13:36:32.212826+00:00,2026-05-09T13:36:32.458Z,1778333792459.0,application/3a8594c3-7866-4007-9786-b5ec52b2d117/device/2cf7f1c073400187/event/up,52510381-5b83-48c4-9107-cfe73cabdb44,ChirpStack,monitoring,SenseCAP S2120,1254000489,2cf7f1c073400187,CLASS_A,0098cf41,140.0,3.0,True,True,5.0,au915_0,"{""valid"": true, ""err"": 0, ""payload"": ""4A0075600000000000000A4B00C600000000276B4C001F000211D4"", ""messages"": [[{""measurementId"": ""4097"", ""type"": ""Air Temperature"", ""measurementValue"": 11.7}, {""measurementValue"": 96, ""type"": ""Air Humidity"", ""measurementId"": ""4098""}, {""measurementValue"": 0, ""type"": ""Light Intensity"", ""measurementId"": ""4099""}, {""type"": ""UV Index"", ""measurementValue"": 0, ""measurementId"": ""4190""}, {""type"": ""Wind Speed"", ""measurementValue"": 1, ""measurementId"": ""4105""}], [{""measurementId"": ""4104"", ""measurementValue"": 198, ""type"": ""Wind Direction Sensor""}, {""measurementValue"": 0, ""type"": ""Rain Gauge"", ""measurementId"": ""4113""}, {""measurementId"": ""4101"", ""type"": ""Barometric Pressure"", ""measurementValue"": 100910}], [{""measurementId"": ""4191"", ""measurementValue"": 3.1, ""type"": ""Peak Wind Gust""}, {""measurementId"": ""4213"", ""type"": ""Rain Accumulation"", ""measurementValue"": 135.636}]]}",Weather Station,-38.6958,143.7734,168.0,"{""geojson"": ""{\""type\"":\""Point\"",\""coordinates\"":[143.7734,-38.6958,168.0]}"", ""lat"": ""-38.6958"", ""alt"": ""168.0"", ""site"": ""Weather Station"", ""lon"": ""143.7734""}",a84041ffff26623c,-67.0,15.2,,,,,,,,,,,,,,,,,,11.7,96.0,0.0,0.0,1.0,198.0,0.0,135.636,100910.0,3.1,True,4A0075600000000000000A4B00C600000000276B4C001F000211D4,0.0
69ff46704799c2c4682091aa,2026-05-09T14:36:32.335029+00:00,2026-05-09T14:36:32.568Z,1778337392568.0,application/3a8594c3-7866-4007-9786-b5ec52b2d117/device/2cf7f1c073400187/event/up,ccf0c114-a000-406a-8a59-c42cae8af0f0,ChirpStack,monitoring,SenseCAP S2120,1254000489,2cf7f1c073400187,CLASS_A,0098cf41,141.0,3.0,True,True,5.0,au915_0,"{""err"": 0, ""messages"": [[{""measurementId"": ""4097"", ""measurementValue"": 11.7, ""type"": ""Air Temperature""}, {""measurementValue"": 95, ""type"": ""Air Humidity"", ""measurementId"": ""4098""}, {""measurementId"": ""4099"", ""type"": ""Light Intensity"", ""measurementValue"": 0}, {""measurementId"": ""4190"", ""type"": ""UV Index"", ""measurementValue"": 0}, {""type"": ""Wind Speed"", ""measurementValue"": 0.7, ""measurementId"": ""4105""}], [{""measurementId"": ""4104"", ""type"": ""Wind Direction Sensor"", ""measurementValue"": 216}, {""type"": ""Rain Gauge"", ""measurementValue"": 0, ""measurementId"": ""4113""}, {""type"": ""Barometric Pressure"", ""measurementId"": ""4101"", ""measurementValue"": 100930}], [{""measurementValue"": 2.7, ""type"": ""Peak Wind Gust"", ""measurementId"": ""4191""}, {""measurementValue"": 135.636, ""type"": ""Rain Accumulation"", ""measurementId"": ""4213""}]], ""payload"": ""4A00755F000000000000074B00D800000000276D4C001B000211D4"", ""valid"": true}",Weather Station,-38.6958,143.7734,168.0,"{""site"": ""Weather Station"", ""lat"": ""-38.6958"", ""lon"": ""143.7734"", ""alt"": ""168.0"", ""geojson"": ""{\""type\"":\""Point\"",\""coordinates\"":[143.7734,-38.6958,168.0]}""}",a84041ffff26623c,-71.0,5.0,,,,,,,,,,,,,,,,,,11.7,95.0,0.0,0.0,0.7,216.0,0.0,135.636,100930.0,2.7,True,4A00755F000000000000074B00D800000000276D4C001B000211D4,0.0
69ff54804799c2c4682091b3,2026-05-09T15:36:32.458704+00:00,2026-05-09T15:36:32.733Z,1778340992733.0,application/3a8594c3-7866-4007-9786-b5ec52b2d117/device/2cf7f1c073400187/event/up,0621632d-239d-4c16-a182-4601c9ad736f,ChirpStack,monitoring,SenseCAP S2120,1254000489,2cf7f1c073400187,CLASS_A,0098cf41,142.0,3.0,True,True,5.0,au915_0,"{""messages"": [[{""measurementId"": ""4097"", ""measurementValue"": 11.7, ""type"": ""Air Temperature""}, {""type"": ""Air Humidity"", ""measurementId"": ""4098"", ""measurementValue"": 93}, {""measurementValue"": 0, ""type"": ""Light Intensity"", ""measurementId"": ""4099""}, {""measurementValue"": 0, ""type"": ""UV Index"", ""measurementId"": ""4190""}, {""measurementValue"": 0, ""measurementId"": ""4105"", ""type"": ""Wind Speed""}], [{""measurementValue"": 222, ""measurementId"": ""4104"", ""type"": ""Wind Direction Sensor""}, {""measurementId"": ""4113"", ""type"": ""Rain Gauge"", ""measurementValue"": 0}, {""measurementId"": ""4101"", ""measurementValue"": 100930, ""type"": ""Barometric Pressure""}], [{""measurementId"": ""4191"", ""type"": ""Peak Wind Gust"", ""measurementValue"": 1.6}, {""measurementValue"": 135.636, ""measurementId"": ""4213"", ""type"": ""Rain Accumulation""}]], ""payload"": ""4A00755D000000000000004B00DE00000000276D4C0010000211D4"", ""err"": 0, ""valid"": true}",Weather Station,-38.6958,143.7734,168.0,"{""site"": ""Weather Station"", ""alt"": ""168.0"", ""lon"": ""143.7734"", ""lat"": ""-38.6958"", ""geojson"": ""{\""type\"":\""Point\"",\""coordinates\"":[143.7734,-38.6958,168.0]}""}",a84041ffff26623c,-78.0,3.0,,,,,,,,,,,,,,,,,,11.7,93.0,0.0,0.0,0.0,222.0,0.0,135.636,100930.0,1.6,True,4A00755D000000000000004B00DE00000000276D4C0010000211D4,0.0
69ff62904799c2c4682091bd,2026-05-09T16:36:32.587143+00:00,2026-05-09T16:36:32.851Z,1778344592851.0,application/3a8594c3-7866-4007-9786-b5ec52b2d117/device/2cf7f1c073400187/event/up,de0bc5e2-723d-422f-85e0-a0a7e2925117,ChirpStack,monitoring,SenseCAP S2120,1254000489,2cf7f1c073400187,CLASS_A,0098cf41,143.0,3.0,True,True,5.0,au915_0,"{""messages"": [[{""measurementValue"": 12, ""measurementId"": ""4097"", ""type"": ""Air Temperature""}, {""measurementId"": ""4098"", ""type"": ""Air Humidity"", ""measurementValue"": 92}, {""measurementId"": ""4099"", ""type"": ""Light Intensity"", ""measurementValue"": 0}, {""measurementId"": ""4190"", ""type"": ""UV Index"", ""measurementValue"": 0}, {""type"": ""Wind Speed"", ""measurementId"": ""4105"", ""measurementValue"": 0.7}], [{""measurementValue"": 228, ""type"": ""Wind Direction Sensor"", ""measurementId"": ""4104""}, {""measurementId"": ""4113"", ""measurementValue"": 0, ""type"": ""Rain Gauge""}, {""measurementId"": ""4101"", ""measurementValue"": 100910, ""type"": ""Barometric Pressure""}], [{""measurementValue"": 2.3, ""measurementId"": ""4191"", ""type"": ""Peak Wind Gust""}, {""measurementValue"": 135.636, ""measurementId"": ""4213"", ""type"": ""Rain Accumulation""}]], ""payload"": ""4A00785C000000000000074B00E400000000276B4C0017000211D4"", ""err"": 0, ""valid"": true}",Weather Station,-38.6958,143.7734,168.0,"{""lon"": ""143.7734"", ""geojson"": ""{\""type\"":\""Point\"",\""coordinates\"":[143.7734,-38.6958,168.0]}"", ""site"": ""Weather Station"", ""lat"": ""-38.6958"", ""alt"": ""168.0""}",a84041ffff26623c,-71.0,14.8,,,,,,,,,,,,,,,,,,12.0,92.0,0.0,0.0,0.7,228.0,0.0,135.636,100910.0,2.3,True,4A00785C000000000000074B00E400000000276B4C0017000211D4,0.0
69ff70a04799c2c4682091c9,2026-05-09T17:36:32.713206+00:00,2026-05-09T17:36:32.979Z,1778348192979.0,application/3a8594c3-7866-4007-9786-b5ec52b2d117/device/2cf7f1c073400187/event/up,82ef233b-e497-4ba5-b910-40ce78fca507,ChirpStack,monitoring,SenseCAP S2120,1254000489,2cf7f1c073400187,CLASS_A,0098cf41,144.0,3.0,True,True,5.0,au915_0,"{""valid"": true, ""err"": 0, ""payload"": ""4A007A5A000000000000004B00D20000000027684C001B000211D40364"", ""messages"": [[{""type"": ""Air Temperature"", ""measurementValue"": 12.2, ""measurementId"": ""4097""}, {""measurementId"": ""4098"", ""measurementValue"": 90, ""type"": ""Air Humidity""}, {""measurementId"": ""4099"", ""measurementValue"": 0, ""type"": ""Light Intensity""}, {""measurementValue"": 0, ""measurementId"": ""4190"", ""type"": ""UV Index""}, {""measurementId"": ""4105"", ""type"": ""Wind Speed"", ""measurementValue"": 0}], [{""type"": ""Wind Direction Sensor"", ""measurementId"": ""4104"", ""measurementValue"": 210}, {""measurementValue"": 0, ""measurementId"": ""4113"", ""type"": ""Rain Gauge""}, {""measurementValue"": 100880, ""type"": ""Barometric Pressure"", ""measurementId"": ""4101""}], [{""measurementValue"": 2.7, ""type"": ""Peak Wind Gust"", ""measurementId"": ""4191""}, {""type"": ""Rain Accumulation"", ""measurementValue"": 135.636, ""measurementId"": ""4213""}], [{""Battery(%)"": 100}]]}",Weather Station,-38.6958,143.7734,168.0,"{""geojson"": ""{\""type\"":\""Point\"",\""coordinates\"":[143.7734,-38.6958,168.0]}"", ""alt"": ""168.0"", ""lat"": ""-38.6958"", ""site"": ""Weather Station"", ""lon"": ""143.7734""}",a84041ffff26623c,-72.0,15.5,,,,,,,,,,,,,,,,,,12.2,90.0,0.0,0.0,0.0,210.0,0.0,135.636,100880.0,2.7,True,4A007A5A000000000000004B00D20000000027684C001B000211D40364,0.0
69ff70a34799c2c4682091ca,2026-05-09T17:36:35.430246+00:00,2026-05-09T17:36:35.677Z,1778348195677.0,application/3a8594c3-7866-4007-9786-b5ec52b2d117/device/2cf7f1c073400187/event/status,4994d6fc-9201-41c1-acf0-3997f86f5f9d,ChirpStack,monitoring,SenseCAP S2120,1254000489,2cf7f1c073400187,CLASS_A,,,,,,,,{},Weather Station,-38.6958,143.7734,168.0,"{""lat"": ""-38.6958"", ""alt"": ""168.0"", ""site"": ""Weather Station"", ""lon"": ""143.7734"", ""geojson"": ""{\""type\"":\""Point\"",\""coordinates\"":[143.7734,-38.6958,168.0]}""}",,,,,,,,,,,,,,,,,,,,,,,,,,,,,,,,,
69ff70a34799c2c4682091cb,2026-05-09T17:36:35.430246+00:00,2026-05-09T17:36:35.718Z,1778348195718.0,application/3a8594c3-7866-4007-9786-b5ec52b2d117/device/2cf7f1c073400187/event/up,4994d6fc-9201-41c1-acf0-3997f86f5f9d,ChirpStack,monitoring,SenseCAP S2120,1254000489,2cf7f1c073400187,CLASS_A,0098cf41,145.0,0.0,False,True,5.0,au915_0,"{""messages"": [], ""valid"": true, ""err"": 0, ""payload"": """"}",Weather Station,-38.6958,143.7734,168.0,"{""lat"": ""-38.6958"", ""alt"": ""168.0"", ""site"": ""Weather Station"", ""lon"": ""143.7734"", ""geojson"": ""{\""type\"":\""Point\"",\""coordinates\"":[143.7734,-38.6958,168.0]}""}",a84041ffff26623c,-66.0,14.8,,,,,,,,,,,,,,,,,,,,,,,,,,,,True,,0.0
69ff70a64799c2c4682091cc,2026-05-09T17:36:38.183618+00:00,2026-05-09T17:36:38.446Z,1778348198446.0,application/3a8594c3-7866-4007-9786-b5ec52b2d117/device/2cf7f1c073400187/event/up,10b5eb9d-cc14-4ff2-9dcc-0a0202fd9a3c,ChirpStack,monitoring,SenseCAP S2120,1254000489,2cf7f1c073400187,CLASS_A,0098cf41,146.0,199.0,False,True,5.0,au915_0,"{""err"": 0, ""valid"": true, ""messages"": [], ""payload"": ""00080100000314041B2C057800067800""}",Weather Station,-38.6958,143.7734,168.0,"{""site"": ""Weather Station"", ""lat"": ""-38.6958"", ""alt"": ""168.0"", ""geojson"": ""{\""type\"":\""Point\"",\""coordinates\"":[143.7734,-38.6958,168.0]}"", ""lon"": ""143.7734""}",a84041ffff26623c,-67.0,15.0,,,,,,,,,,,,,,,,,,,,,,,,,,,,True,00080100000314041B2C057800067800,0.0
69ff7eb14799c2c4682091d6,2026-05-09T18:36:32.835525+00:00,2026-05-09T18:36:33.066Z,1778351793066.0,application/3a8594c3-7866-4007-9786-b5ec52b2d117/device/2cf7f1c073400187/event/up,1cca4772-7742-4cba-b874-a4b26098588f,ChirpStack,monitoring,SenseCAP S2120,1254000489,2cf7f1c073400187,CLASS_A,0098cf41,147.0,3.0,True,True,5.0,au915_0,"{""payload"": ""4A00655F000000000000074B01560000000027694C000C000211D4"", ""valid"": true, ""err"": 0, ""messages"": [[{""measurementId"": ""4097"", ""measurementValue"": 10.1, ""type"": ""Air Temperature""}, {""measurementValue"": 95, ""measurementId"": ""4098"", ""type"": ""Air Humidity""}, {""type"": ""Light Intensity"", ""measurementValue"": 0, ""measurementId"": ""4099""}, {""measurementValue"": 0, ""type"": ""UV Index"", ""measurementId"": ""4190""}, {""measurementId"": ""4105"", ""type"": ""Wind Speed"", ""measurementValue"": 0.7}], [{""measurementValue"": 342, ""measurementId"": ""4104"", ""type"": ""Wind Direction Sensor""}, {""type"": ""Rain Gauge"", ""measurementId"": ""4113"", ""measurementValue"": 0}, {""type"": ""Barometric Pressure"", ""measurementId"": ""4101"", ""measurementValue"": 100890}], [{""type"": ""Peak Wind Gust"", ""measurementId"": ""4191"", ""measurementValue"": 1.2}, {""type"": ""Rain Accumulation"", ""measurementId"": ""4213"", ""measurementValue"": 135.636}]]}",Weather Station,-38.6958,143.7734,168.0,"{""geojson"": ""{\""type\"":\""Point\"",\""coordinates\"":[143.7734,-38.6958,168.0]}"", ""alt"": ""168.0"", ""lat"": ""-38.6958"", ""lon"": ""143.7734"", ""site"": ""Weather Station""}",a84041ffff26623c,-72.0,15.5,,,,,,,,,,,,,,,,,,10.1,95.0,0.0,0.0,0.7,342.0,0.0,135.636,100890.0,1.2,True,4A00655F000000000000074B01560000000027694C000C000211D4,0.0
69ff8cc14799c2c4682091df,2026-05-09T19:36:32.976934+00:00,2026-05-09T19:36:33.257Z,1778355393258.0,application/3a8594c3-7866-4007-9786-b5ec52b2d117/device/2cf7f1c073400187/event/up,2dd9547e-534f-4cb3-824a-aa458b848f13,ChirpStack,monitoring,SenseCAP S2120,1254000489,2cf7f1c073400187,CLASS_A,0098cf41,148.0,3.0,True,True,5.0,au915_0,"{""payload"": ""4A006B5D000000000000084B010800000000276E4C000C000211D4"", ""messages"": [[{""measurementId"": ""4097"", ""measurementValue"": 10.7, ""type"": ""Air Temperature""}, {""measurementId"": ""4098"", ""measurementValue"": 93, ""type"": ""Air Humidity""}, {""measurementId"": ""4099"", ""measurementValue"": 0, ""type"": ""Light Intensity""}, {""type"": ""UV Index"", ""measurementId"": ""4190"", ""measurementValue"": 0}, {""measurementId"": ""4105"", ""type"": ""Wind Speed"", ""measurementValue"": 0.8}], [{""type"": ""Wind Direction Sensor"", ""measurementValue"": 264, ""measurementId"": ""4104""}, {""measurementId"": ""4113"", ""type"": ""Rain Gauge"", ""measurementValue"": 0}, {""measurementValue"": 100940, ""measurementId"": ""4101"", ""type"": ""Barometric Pressure""}], [{""measurementValue"": 1.2, ""type"": ""Peak Wind Gust"", ""measurementId"": ""4191""}, {""type"": ""Rain Accumulation"", ""measurementValue"": 135.636, ""measurementId"": ""4213""}]], ""valid"": true, ""err"": 0}",Weather Station,-38.6958,143.7734,168.0,"{""lat"": ""-38.6958"", ""alt"": ""168.0"", ""lon"": ""143.7734"", ""site"": ""Weather Station"", ""geojson"": ""{\""type\"":\""Point\"",\""coordinates\"":[143.7734,-38.6958,168.0]}""}",a84041ffff26623c,-67.0,10.8,,,,,,,,,,,,,,,,,,10.7,93.0,0.0,0.0,0.8,264.0,0.0,135.636,100940.0,1.2,True,4A006B5D000000000000084B010800000000276E4C000C000211D4,0.0
69ff9ad14799c2c4682091e9,2026-05-09T20:36:33.087709+00:00,2026-05-09T20:36:33.353Z,1778358993353.0,application/3a8594c3-7866-4007-9786-b5ec52b2d117/device/2cf7f1c073400187/event/up,33adf1d8-650b-480a-ad8e-770255367d8d,ChirpStack,monitoring,SenseCAP S2120,1254000489,2cf7f1c073400187,CLASS_A,0098cf41,149.0,3.0,True,True,5.0,au915_0,"{""messages"": [[{""measurementId"": ""4097"", ""measurementValue"": 11.8, ""type"": ""Air Temperature""}, {""measurementId"": ""4098"", ""measurementValue"": 89, ""type"": ""Air Humidity""}, {""measurementId"": ""4099"", ""measurementValue"": 0, ""type"": ""Light Intensity""}, {""type"": ""UV Index"", ""measurementValue"": 0, ""measurementId"": ""4190""}, {""measurementValue"": 0.7, ""measurementId"": ""4105"", ""type"": ""Wind Speed""}], [{""type"": ""Wind Direction Sensor"", ""measurementValue"": 216, ""measurementId"": ""4104""}, {""measurementId"": ""4113"", ""type"": ""Rain Gauge"", ""measurementValue"": 0}, {""type"": ""Barometric Pressure"", ""measurementId"": ""4101"", ""measurementValue"": 101010}], [{""measurementValue"": 2, ""type"": ""Peak Wind Gust"", ""measurementId"": ""4191""}, {""measurementId"": ""4213"", ""measurementValue"": 135.636, ""type"": ""Rain Accumulation""}]], ""valid"": true, ""payload"": ""4A007659000000000000074B00D80000000027754C0014000211D4"", ""err"": 0}",Weather Station,-38.6958,143.7734,168.0,"{""alt"": ""168.0"", ""lat"": ""-38.6958"", ""lon"": ""143.7734"", ""geojson"": ""{\""type\"":\""Point\"",\""coordinates\"":[143.7734,-38.6958,168.0]}"", ""site"": ""Weather Station""}",a84041ffff26623c,-72.0,14.8,,,,,,,,,,,,,,,,,,11.8,89.0,0.0,0.0,0.7,216.0,0.0,135.636,101010.0,2.0,True,4A007659000000000000074B00D80000000027754C0014000211D4,0.0
69ffa8e14799c2c4682091f3,2026-05-09T21:36:33.210720+00:00,2026-05-09T21:36:33.443Z,1778362593443.0,application/3a8594c3-7866-4007-9786-b5ec52b2d117/device/2cf7f1c073400187/event/up,ea3d06c3-2100-4978-8bda-45c85df63184,ChirpStack,monitoring,SenseCAP S2120,1254000489,2cf7f1c073400187,CLASS_A,0098cf41,150.0,3.0,True,True,5.0,au915_0,"{""valid"": true, ""messages"": [[{""measurementId"": ""4097"", ""type"": ""Air Temperature"", ""measurementValue"": 12}, {""measurementId"": ""4098"", ""type"": ""Air Humidity"", ""measurementValue"": 84}, {""type"": ""Light Intensity"", ""measurementValue"": 921, ""measurementId"": ""4099""}, {""measurementValue"": 0, ""measurementId"": ""4190"", ""type"": ""UV Index""}, {""measurementId"": ""4105"", ""measurementValue"": 0.9, ""type"": ""Wind Speed""}], [{""measurementValue"": 182, ""measurementId"": ""4104"", ""type"": ""Wind Direction Sensor""}, {""type"": ""Rain Gauge"", ""measurementValue"": 0, ""measurementId"": ""4113""}, {""measurementId"": ""4101"", ""measurementValue"": 101060, ""type"": ""Barometric Pressure""}], [{""measurementId"": ""4191"", ""measurementValue"": 2.1, ""type"": ""Peak Wind Gust""}, {""measurementId"": ""4213"", ""measurementValue"": 135.636, ""type"": ""Rain Accumulation""}]], ""err"": 0, ""payload"": ""4A007854000003990000094B00B600000000277A4C0015000211D4""}",Weather Station,-38.6958,143.7734,168.0,"{""lon"": ""143.7734"", ""alt"": ""168.0"", ""site"": ""Weather Station"", ""geojson"": ""{\""type\"":\""Point\"",\""coordinates\"":[143.7734,-38.6958,168.0]}"", ""lat"": ""-38.6958""}",a84041ffff26623c,-72.0,15.8,,,,,,,,,,,,,,,,,,12.0,84.0,921.0,0.0,0.9,182.0,0.0,135.636,101060.0,2.1,True,4A007854000003990000094B00B600000000277A4C0015000211D4,0.0
69ffb6f14799c2c4682091fc,2026-05-09T22:36:33.330368+00:00,2026-05-09T22:36:33.596Z,1778366193596.0,application/3a8594c3-7866-4007-9786-b5ec52b2d117/device/2cf7f1c073400187/event/up,3457b0bc-261c-419b-beb0-dad292ea04aa,ChirpStack,monitoring,SenseCAP S2120,1254000489,2cf7f1c073400187,CLASS_A,0098cf41,151.0,3.0,True,True,5.0,au915_0,"{""valid"": true, ""payload"": ""4A007D5500000CBD00000A4B00DE0000000027804C0012000211D4"", ""messages"": [[{""measurementId"": ""4097"", ""measurementValue"": 12.5, ""type"": ""Air Temperature""}, {""measurementValue"": 85, ""type"": ""Air Humidity"", ""measurementId"": ""4098""}, {""measurementValue"": 3261, ""measurementId"": ""4099"", ""type"": ""Light Intensity""}, {""type"": ""UV Index"", ""measurementValue"": 0, ""measurementId"": ""4190""}, {""type"": ""Wind Speed"", ""measurementValue"": 1, ""measurementId"": ""4105""}], [{""type"": ""Wind Direction Sensor"", ""measurementValue"": 222, ""measurementId"": ""4104""}, {""measurementValue"": 0, ""type"": ""Rain Gauge"", ""measurementId"": ""4113""}, {""type"": ""Barometric Pressure"", ""measurementId"": ""4101"", ""measurementValue"": 101120}], [{""type"": ""Peak Wind Gust"", ""measurementValue"": 1.8, ""measurementId"": ""4191""}, {""type"": ""Rain Accumulation"", ""measurementValue"": 135.636, ""measurementId"": ""4213""}]], ""err"": 0}",Weather Station,-38.6958,143.7734,168.0,"{""geojson"": ""{\""type\"":\""Point\"",\""coordinates\"":[143.7734,-38.6958,168.0]}"", ""site"": ""Weather Station"", ""lat"": ""-38.6958"", ""alt"": ""168.0"", ""lon"": ""143.7734""}",a84041ffff26623c,-75.0,13.8,,,,,,,,,,,,,,,,,,12.5,85.0,3261.0,0.0,1.0,222.0,0.0,135.636,101120.0,1.8,True,4A007D5500000CBD00000A4B00DE0000000027804C0012000211D4,0.0
69ffc5014799c2c468209206,2026-05-09T23:36:33.454805+00:00,2026-05-09T23:36:33.727Z,1778369793728.0,application/3a8594c3-7866-4007-9786-b5ec52b2d117/device/2cf7f1c073400187/event/up,ca2ba7a1-eeba-4092-b646-af9d001a8f38,ChirpStack,monitoring,SenseCAP S2120,1254000489,2cf7f1c073400187,CLASS_A,0098cf41,152.0,3.0,True,True,5.0,au915_0,"{""payload"": ""4A0080550000181F0000004B00D20000000027834C001C000211D4"", ""messages"": [[{""measurementId"": ""4097"", ""type"": ""Air Temperature"", ""measurementValue"": 12.8}, {""measurementId"": ""4098"", ""type"": ""Air Humidity"", ""measurementValue"": 85}, {""measurementValue"": 6175, ""measurementId"": ""4099"", ""type"": ""Light Intensity""}, {""measurementValue"": 0, ""type"": ""UV Index"", ""measurementId"": ""4190""}, {""measurementValue"": 0, ""measurementId"": ""4105"", ""type"": ""Wind Speed""}], [{""type"": ""Wind Direction Sensor"", ""measurementValue"": 210, ""measurementId"": ""4104""}, {""type"": ""Rain Gauge"", ""measurementValue"": 0, ""measurementId"": ""4113""}, {""type"": ""Barometric Pressure"", ""measurementId"": ""4101"", ""measurementValue"": 101150}], [{""measurementId"": ""4191"", ""measurementValue"": 2.8, ""type"": ""Peak Wind Gust""}, {""type"": ""Rain Accumulation"", ""measurementValue"": 135.636, ""measurementId"": ""4213""}]], ""err"": 0, ""valid"": true}",Weather Station,-38.6958,143.7734,168.0,"{""geojson"": ""{\""type\"":\""Point\"",\""coordinates\"":[143.7734,-38.6958,168.0]}"", ""lat"": ""-38.6958"", ""site"": ""Weather Station"", ""lon"": ""143.7734"", ""alt"": ""168.0""}",a84041ffff26623c,-78.0,10.8,,,,,,,,,,,,,,,,,,12.8,85.0,6175.0,0.0,0.0,210.0,0.0,135.636,101150.0,2.8,True,4A0080550000181F0000004B00D20000000027834C001C000211D4,0.0
69ffd3114799c2c468209211,2026-05-10T00:36:33.562466+00:00,2026-05-10T00:36:33.832Z,1778373393832.0,application/3a8594c3-7866-4007-9786-b5ec52b2d117/device/2cf7f1c073400187/event/up,c9988356-c398-4b15-8a9a-87107d52e2c8,ChirpStack,monitoring,SenseCAP S2120,1254000489,2cf7f1c073400187,CLASS_A,0098cf41,153.0,3.0,True,True,5.0,au915_0,"{""messages"": [[{""measurementId"": ""4097"", ""measurementValue"": 13, ""type"": ""Air Temperature""}, {""type"": ""Air Humidity"", ""measurementValue"": 87, ""measurementId"": ""4098""}, {""type"": ""Light Intensity"", ""measurementId"": ""4099"", ""measurementValue"": 8452}, {""measurementValue"": 0.6, ""measurementId"": ""4190"", ""type"": ""UV Index""}, {""type"": ""Wind Speed"", ""measurementId"": ""4105"", ""measurementValue"": 0.9}], [{""measurementId"": ""4104"", ""measurementValue"": 198, ""type"": ""Wind Direction Sensor""}, {""type"": ""Rain Gauge"", ""measurementValue"": 0, ""measurementId"": ""4113""}, {""type"": ""Barometric Pressure"", ""measurementValue"": 101150, ""measurementId"": ""4101""}], [{""measurementValue"": 2.3, ""measurementId"": ""4191"", ""type"": ""Peak Wind Gust""}, {""measurementId"": ""4213"", ""measurementValue"": 135.636, ""type"": ""Rain Accumulation""}]], ""payload"": ""4A008257000021040600094B00C60000000027834C0017000211D4"", ""valid"": true, ""err"": 0}",Weather Station,-38.6958,143.7734,168.0,"{""geojson"": ""{\""type\"":\""Point\"",\""coordinates\"":[143.7734,-38.6958,168.0]}"", ""site"": ""Weather Station"", ""lon"": ""143.7734"", ""lat"": ""-38.6958"", ""alt"": ""168.0""}",a84041ffff26623c,-72.0,14.8,,,,,,,,,,,,,,,,,,13.0,87.0,8452.0,0.6,0.9,198.0,0.0,135.636,101150.0,2.3,True,4A008257000021040600094B00C60000000027834C0017000211D4,0.0
69ffe1214799c2c46820921b,2026-05-10T01:36:33.676152+00:00,2026-05-10T01:36:33.902Z,1778376993902.0,application/3a8594c3-7866-4007-9786-b5ec52b2d117/device/2cf7f1c073400187/event/up,fa366f07-2a33-4403-a4eb-366db7710e23,ChirpStack,monitoring,SenseCAP S2120,1254000489,2cf7f1c073400187,CLASS_A,0098cf41,154.0,3.0,True,True,5.0,au915_0,"{""payload"": ""4A008B52000057271C00154B00C00000000027814C0021000211D4"", ""messages"": [[{""measurementId"": ""4097"", ""measurementValue"": 13.9, ""type"": ""Air Temperature""}, {""measurementValue"": 82, ""measurementId"": ""4098"", ""type"": ""Air Humidity""}, {""measurementId"": ""4099"", ""type"": ""Light Intensity"", ""measurementValue"": 22311}, {""measurementValue"": 2.8, ""type"": ""UV Index"", ""measurementId"": ""4190""}, {""measurementValue"": 2.1, ""measurementId"": ""4105"", ""type"": ""Wind Speed""}], [{""type"": ""Wind Direction Sensor"", ""measurementValue"": 192, ""measurementId"": ""4104""}, {""measurementId"": ""4113"", ""type"": ""Rain Gauge"", ""measurementValue"": 0}, {""type"": ""Barometric Pressure"", ""measurementValue"": 101130, ""measurementId"": ""4101""}], [{""measurementId"": ""4191"", ""measurementValue"": 3.3, ""type"": ""Peak Wind Gust""}, {""measurementId"": ""4213"", ""type"": ""Rain Accumulation"", ""measurementValue"": 135.636}]], ""valid"": true, ""err"": 0}",Weather Station,-38.6958,143.7734,168.0,"{""alt"": ""168.0"", ""lon"": ""143.7734"", ""lat"": ""-38.6958"", ""site"": ""Weather Station"", ""geojson"": ""{\""type\"":\""Point\"",\""coordinates\"":[143.7734,-38.6958,168.0]}""}",a84041ffff26623c,-68.0,14.8,,,,,,,,,,,,,,,,,,13.9,82.0,22311.0,2.8,2.1,192.0,0.0,135.636,101130.0,3.3,True,4A008B52000057271C00154B00C00000000027814C0021000211D4,0.0
69ffef324799c2c468209228,2026-05-10T02:36:33.865908+00:00,2026-05-10T02:36:34.137Z,1778380594138.0,application/3a8594c3-7866-4007-9786-b5ec52b2d117/device/2cf7f1c073400187/event/up,c69842b9-27de-4ef9-8815-ee5bef10f482,ChirpStack,monitoring,SenseCAP S2120,1254000489,2cf7f1c073400187,CLASS_A,0098cf41,155.0,3.0,True,True,5.0,au915_0,"{""messages"": [[{""type"": ""Air Temperature"", ""measurementValue"": 12.9, ""measurementId"": ""4097""}, {""measurementId"": ""4098"", ""measurementValue"": 94, ""type"": ""Air Humidity""}, {""measurementId"": ""4099"", ""type"": ""Light Intensity"", ""measurementValue"": 19673}, {""type"": ""UV Index"", ""measurementValue"": 1.5, ""measurementId"": ""4190""}, {""measurementValue"": 1, ""type"": ""Wind Speed"", ""measurementId"": ""4105""}], [{""measurementValue"": 210, ""measurementId"": ""4104"", ""type"": ""Wind Direction Sensor""}, {""type"": ""Rain Gauge"", ""measurementValue"": 0, ""measurementId"": ""4113""}, {""measurementValue"": 101070, ""measurementId"": ""4101"", ""type"": ""Barometric Pressure""}], [{""measurementId"": ""4191"", ""type"": ""Peak Wind Gust"", ""measurementValue"": 3.9}, {""measurementId"": ""4213"", ""type"": ""Rain Accumulation"", ""measurementValue"": 135.636}]], ""payload"": ""4A00815E00004CD90F000A4B00D200000000277B4C0027000211D4"", ""valid"": true, ""err"": 0}",Weather Station,-38.6958,143.7734,168.0,"{""alt"": ""168.0"", ""site"": ""Weather Station"", ""lat"": ""-38.6958"", ""geojson"": ""{\""type\"":\""Point\"",\""coordinates\"":[143.7734,-38.6958,168.0]}"", ""lon"": ""143.7734""}",a84041ffff26623c,-72.0,14.8,,,,,,,,,,,,,,,,,,12.9,94.0,19673.0,1.5,1.0,210.0,0.0,135.636,101070.0,3.9,True,4A00815E00004CD90F000A4B00D200000000277B4C0027000211D4,0.0
69fffd424799c2c468209233,2026-05-10T03:36:33.984098+00:00,2026-05-10T03:36:34.242Z,1778384194242.0,application/3a8594c3-7866-4007-9786-b5ec52b2d117/device/2cf7f1c073400187/event/up,83d4490d-7ad3-4b3d-a4b6-4dfb7f6d6efd,ChirpStack,monitoring,SenseCAP S2120,1254000489,2cf7f1c073400187,CLASS_A,0098cf41,156.0,3.0,True,True,5.0,au915_0,"{""err"": 0, ""payload"": ""4A007E6100002C2C0900094B009C0000000027784C0020000211D4"", ""valid"": true, ""messages"": [[{""measurementValue"": 12.6, ""measurementId"": ""4097"", ""type"": ""Air Temperature""}, {""measurementValue"": 97, ""measurementId"": ""4098"", ""type"": ""Air Humidity""}, {""measurementId"": ""4099"", ""measurementValue"": 11308, ""type"": ""Light Intensity""}, {""measurementId"": ""4190"", ""type"": ""UV Index"", ""measurementValue"": 0.9}, {""type"": ""Wind Speed"", ""measurementValue"": 0.9, ""measurementId"": ""4105""}], [{""type"": ""Wind Direction Sensor"", ""measurementId"": ""4104"", ""measurementValue"": 156}, {""type"": ""Rain Gauge"", ""measurementValue"": 0, ""measurementId"": ""4113""}, {""measurementId"": ""4101"", ""measurementValue"": 101040, ""type"": ""Barometric Pressure""}], [{""measurementValue"": 3.2, ""measurementId"": ""4191"", ""type"": ""Peak Wind Gust""}, {""type"": ""Rain Accumulation"", ""measurementValue"": 135.636, ""measurementId"": ""4213""}]]}",Weather Station,-38.6958,143.7734,168.0,"{""geojson"": ""{\""type\"":\""Point\"",\""coordinates\"":[143.7734,-38.6958,168.0]}"", ""lat"": ""-38.6958"", ""alt"": ""168.0"", ""lon"": ""143.7734"", ""site"": ""Weather Station""}",a84041ffff26623c,-68.0,12.5,,,,,,,,,,,,,,,,,,12.6,97.0,11308.0,0.9,0.9,156.0,0.0,135.636,101040.0,3.2,True,4A007E6100002C2C0900094B009C0000000027784C0020000211D4,0.0
6a000b524799c2c46820923d,2026-05-10T04:36:34.094750+00:00,2026-05-10T04:36:34.331Z,1778387794331.0,application/3a8594c3-7866-4007-9786-b5ec52b2d117/device/2cf7f1c073400187/event/up,bb54b6a3-a96e-44ce-a3a5-3e1a5c49bb77,ChirpStack,monitoring,SenseCAP S2120,1254000489,2cf7f1c073400187,CLASS_A,0098cf41,157.0,3.0,True,True,5.0,au915_0,"{""valid"": true, ""payload"": ""4A007D620000141300000B4B009C0000000727764C0025000212D2"", ""messages"": [[{""measurementValue"": 12.5, ""measurementId"": ""4097"", ""type"": ""Air Temperature""}, {""measurementValue"": 98, ""measurementId"": ""4098"", ""type"": ""Air Humidity""}, {""type"": ""Light Intensity"", ""measurementValue"": 5139, ""measurementId"": ""4099""}, {""measurementValue"": 0, ""type"": ""UV Index"", ""measurementId"": ""4190""}, {""measurementValue"": 1.1, ""type"": ""Wind Speed"", ""measurementId"": ""4105""}], [{""type"": ""Wind Direction Sensor"", ""measurementValue"": 156, ""measurementId"": ""4104""}, {""type"": ""Rain Gauge"", ""measurementValue"": 0.007, ""measurementId"": ""4113""}, {""type"": ""Barometric Pressure"", ""measurementId"": ""4101"", ""measurementValue"": 101020}], [{""measurementId"": ""4191"", ""measurementValue"": 3.7, ""type"": ""Peak Wind Gust""}, {""type"": ""Rain Accumulation"", ""measurementId"": ""4213"", ""measurementValue"": 135.89}]], ""err"": 0}",Weather Station,-38.6958,143.7734,168.0,"{""site"": ""Weather Station"", ""lon"": ""143.7734"", ""lat"": ""-38.6958"", ""geojson"": ""{\""type\"":\""Point\"",\""coordinates\"":[143.7734,-38.6958,168.0]}"", ""alt"": ""168.0""}",a84041ffff26623c,-68.0,14.8,,,,,,,,,,,,,,,,,,12.5,98.0,5139.0,0.0,1.1,156.0,0.007,135.89,101020.0,3.7,True,4A007D620000141300000B4B009C0000000727764C0025000212D2,0.0
6a00196229c3f904d39110f9,2026-05-10T05:36:34.218902+00:00,2026-05-10T05:36:34.466Z,1778391394466.0,application/3a8594c3-7866-4007-9786-b5ec52b2d117/device/2cf7f1c073400187/event/up,4b91ef32-046d-4082-ae8e-1451c525ff03,ChirpStack,monitoring,SenseCAP S2120,1254000489,2cf7f1c073400187,CLASS_A,0098cf41,158.0,3.0,True,True,5.0,au915_0,"{""messages"": [[{""measurementValue"": 12.3, ""type"": ""Air Temperature"", ""measurementId"": ""4097""}, {""measurementValue"": 98, ""measurementId"": ""4098"", ""type"": ""Air Humidity""}, {""measurementId"": ""4099"", ""type"": ""Light Intensity"", ""measurementValue"": 7549}, {""measurementId"": ""4190"", ""type"": ""UV Index"", ""measurementValue"": 0}, {""measurementValue"": 0.9, ""type"": ""Wind Speed"", ""measurementId"": ""4105""}], [{""measurementId"": ""4104"", ""measurementValue"": 168, ""type"": ""Wind Direction Sensor""}, {""measurementId"": ""4113"", ""measurementValue"": 0.007, ""type"": ""Rain Gauge""}, {""measurementValue"": 101030, ""measurementId"": ""4101"", ""type"": ""Barometric Pressure""}], [{""measurementValue"": 4.2, ""measurementId"": ""4191"", ""type"": ""Peak Wind Gust""}, {""type"": ""Rain Accumulation"", ""measurementValue"": 135.89, ""measurementId"": ""4213""}]], ""valid"": true, ""err"": 0, ""payload"": ""4A007B6200001D7D0000094B00A80000000727774C002A000212D2""}",Weather Station,-38.6958,143.7734,168.0,"{""geojson"": ""{\""type\"":\""Point\"",\""coordinates\"":[143.7734,-38.6958,168.0]}"", ""alt"": ""168.0"", ""lat"": ""-38.6958"", ""site"": ""Weather Station"", ""lon"": ""143.7734""}",a84041ffff26623c,-68.0,14.5,,,,,,,,,,,,,,,,,,12.3,98.0,7549.0,0.0,0.9,168.0,0.007,135.89,101030.0,4.2,True,4A007B6200001D7D0000094B00A80000000727774C002A000212D2,0.0
6a00277229c3f904d3911105,2026-05-10T06:36:34.334605+00:00,2026-05-10T06:36:34.583Z,1778394994584.0,application/3a8594c3-7866-4007-9786-b5ec52b2d117/device/2cf7f1c073400187/event/up,af3d6a1e-eb62-4365-8e1c-a32a44d8f9a7,ChirpStack,monitoring,SenseCAP S2120,1254000489,2cf7f1c073400187,CLASS_A,0098cf41,159.0,3.0,True,True,5.0,au915_0,"{""err"": 0, ""valid"": true, ""messages"": [[{""type"": ""Air Temperature"", ""measurementValue"": 12, ""measurementId"": ""4097""}, {""measurementValue"": 98, ""type"": ""Air Humidity"", ""measurementId"": ""4098""}, {""measurementId"": ""4099"", ""measurementValue"": 3980, ""type"": ""Light Intensity""}, {""type"": ""UV Index"", ""measurementId"": ""4190"", ""measurementValue"": 0}, {""type"": ""Wind Speed"", ""measurementValue"": 0, ""measurementId"": ""4105""}], [{""measurementValue"": 228, ""measurementId"": ""4104"", ""type"": ""Wind Direction Sensor""}, {""type"": ""Rain Gauge"", ""measurementId"": ""4113"", ""measurementValue"": 0}, {""measurementValue"": 101040, ""measurementId"": ""4101"", ""type"": ""Barometric Pressure""}], [{""measurementValue"": 1.6, ""measurementId"": ""4191"", ""type"": ""Peak Wind Gust""}, {""type"": ""Rain Accumulation"", ""measurementId"": ""4213"", ""measurementValue"": 135.89}]], ""payload"": ""4A00786200000F8C0000004B00E40000000027784C0010000212D2""}",Weather Station,-38.6958,143.7734,168.0,"{""lat"": ""-38.6958"", ""site"": ""Weather Station"", ""geojson"": ""{\""type\"":\""Point\"",\""coordinates\"":[143.7734,-38.6958,168.0]}"", ""lon"": ""143.7734"", ""alt"": ""168.0""}",a84041ffff26623c,-74.0,8.2,,,,,,,,,,,,,,,,,,12.0,98.0,3980.0,0.0,0.0,228.0,0.0,135.89,101040.0,1.6,True,4A00786200000F8C0000004B00E40000000027784C0010000212D2,0.0
69feed434799c2c46820916d,2026-05-09T08:16:03.302551+00:00,2026-05-09T08:16:03.521Z,1778314563521.0,application/3a8594c3-7866-4007-9786-b5ec52b2d117/device/a84041e2a18523a1/event/up,b13ee27e-d53e-4711-baf3-33e70a8e4063,ChirpStack,monitoring,LSN50v2-S31,LST25502625,a84041e2a18523a1,CLASS_A,019dddaa,49954.0,2.0,False,True,2.0,au915_0,"{""ADC_CH0V"": 0.298, ""Hum_SHT"": 92.7, ""BatV"": 3.657, ""Door_status"": ""OPEN"", ""TempC_SHT"": 11.6, ""Digital_IStatus"": ""L"", ""EXTI_Trigger"": ""FALSE"", ""Work_mode"": ""IIC"", ""TempC1"": 0}",Top Gate,-38.6958,143.7723,181.0,"{""site"": ""Top Gate"", ""geojson"": ""{\""type\"":\""Point\"",\""coordinates\"":[143.7723,-38.6958,181.0]}"", ""alt"": ""181.0"", ""lat"": ""-38.6958"", ""lon"": ""143.7723""}",a84041ffff26623c,-91.0,4.2,11.6,92.7,3.657,OPEN,0.298,L,IIC,0.0,11.6,92.7,,,,,,,,,,,,,,,,,,,,
69fef1f34799c2c468209170,2026-05-09T08:36:03.310783+00:00,2026-05-09T08:36:03.530Z,1778315763530.0,application/3a8594c3-7866-4007-9786-b5ec52b2d117/device/a84041e2a18523a1/event/up,edacac74-974c-4bd3-8180-ebc50eb7b219,ChirpStack,monitoring,LSN50v2-S31,LST25502625,a84041e2a18523a1,CLASS_A,019dddaa,49955.0,2.0,False,True,2.0,au915_0,"{""Digital_IStatus"": ""L"", ""Door_status"": ""OPEN"", ""Work_mode"": ""IIC"", ""ADC_CH0V"": 0.3, ""TempC1"": 0, ""EXTI_Trigger"": ""FALSE"", ""Hum_SHT"": 92.5, ""TempC_SHT"": 10.9, ""BatV"": 3.657}",Top Gate,-38.6958,143.7723,181.0,"{""lat"": ""-38.6958"", ""lon"": ""143.7723"", ""site"": ""Top Gate"", ""alt"": ""181.0"", ""geojson"": ""{\""type\"":\""Point\"",\""coordinates\"":[143.7723,-38.6958,181.0]}""}",a84041ffff26623c,-94.0,-4.0,10.9,92.5,3.657,OPEN,0.3,L,IIC,0.0,10.9,92.5,,,,,,,,,,,,,,,,,,,,
69fef6a34799c2c468209173,2026-05-09T08:56:03.318423+00:00,2026-05-09T08:56:03.535Z,1778316963535.0,application/3a8594c3-7866-4007-9786-b5ec52b2d117/device/a84041e2a18523a1/event/up,f7cefc8a-c4f5-4de1-8ecf-fa20913a2a3e,ChirpStack,monitoring,LSN50v2-S31,LST25502625,a84041e2a18523a1,CLASS_A,019dddaa,49956.0,2.0,False,True,2.0,au915_0,"{""Door_status"": ""OPEN"", ""EXTI_Trigger"": ""FALSE"", ""Work_mode"": ""IIC"", ""ADC_CH0V"": 0.299, ""TempC1"": 0, ""BatV"": 3.657, ""Hum_SHT"": 93.5, ""TempC_SHT"": 10.8, ""Digital_IStatus"": ""L""}",Top Gate,-38.6958,143.7723,181.0,"{""lon"": ""143.7723"", ""site"": ""Top Gate"", ""lat"": ""-38.6958"", ""alt"": ""181.0"", ""geojson"": ""{\""type\"":\""Point\"",\""coordinates\"":[143.7723,-38.6958,181.0]}""}",a84041ffff26623c,-98.0,-0.5,10.8,93.5,3.657,OPEN,0.299,L,IIC,0.0,10.8,93.5,,,,,,,,,,,,,,,,,,,,
69fefb534799c2c468209177,2026-05-09T09:16:03.321227+00:00,2026-05-09T09:16:03.546Z,1778318163546.0,application/3a8594c3-7866-4007-9786-b5ec52b2d117/device/a84041e2a18523a1/event/up,c55eb2f9-bdce-49e2-8c6b-3cf9e00ec538,ChirpStack,monitoring,LSN50v2-S31,LST25502625,a84041e2a18523a1,CLASS_A,019dddaa,49957.0,2.0,False,True,2.0,au915_0,"{""Hum_SHT"": 92.7, ""Digital_IStatus"": ""L"", ""EXTI_Trigger"": ""FALSE"", ""BatV"": 3.657, ""ADC_CH0V"": 0.3, ""TempC_SHT"": 10.9, ""Door_status"": ""OPEN"", ""TempC1"": 0, ""Work_mode"": ""IIC""}",Top Gate,-38.6958,143.7723,181.0,"{""site"": ""Top Gate"", ""lat"": ""-38.6958"", ""alt"": ""181.0"", ""geojson"": ""{\""type\"":\""Point\"",\""coordinates\"":[143.7723,-38.6958,181.0]}"", ""lon"": ""143.7723""}",a84041ffff26623c,-89.0,3.8,10.9,92.7,3.657,OPEN,0.3,L,IIC,0.0,10.9,92.7,,,,,,,,,,,,,,,,,,,,
69ff04b34799c2c46820917d,2026-05-09T09:56:03.333751+00:00,2026-05-09T09:56:03.558Z,1778320563559.0,application/3a8594c3-7866-4007-9786-b5ec52b2d117/device/a84041e2a18523a1/event/up,192fa8c7-aae9-4d94-b5fa-09030e6c02c4,ChirpStack,monitoring,LSN50v2-S31,LST25502625,a84041e2a18523a1,CLASS_A,019dddaa,49959.0,2.0,False,True,2.0,au915_0,"{""Hum_SHT"": 93, ""Digital_IStatus"": ""L"", ""Work_mode"": ""IIC"", ""BatV"": 3.659, ""EXTI_Trigger"": ""FALSE"", ""TempC_SHT"": 11.2, ""Door_status"": ""OPEN"", ""TempC1"": 0, ""ADC_CH0V"": 0.298}",Top Gate,-38.6958,143.7723,181.0,"{""site"": ""Top Gate"", ""geojson"": ""{\""type\"":\""Point\"",\""coordinates\"":[143.7723,-38.6958,181.0]}"", ""lat"": ""-38.6958"", ""lon"": ""143.7723"", ""alt"": ""181.0""}",a84041ffff26623c,-97.0,-4.2,11.2,93.0,3.659,OPEN,0.298,L,IIC,0.0,11.2,93.0,,,,,,,,,,,,,,,,,,,,
69ff12c34799c2c468209186,2026-05-09T10:56:03.348002+00:00,2026-05-09T10:56:03.585Z,1778324163586.0,application/3a8594c3-7866-4007-9786-b5ec52b2d117/device/a84041e2a18523a1/event/up,166c4b82-408b-4dee-8544-5b31f9f12a6a,ChirpStack,monitoring,LSN50v2-S31,LST25502625,a84041e2a18523a1,CLASS_A,019dddaa,49962.0,2.0,False,True,2.0,au915_0,"{""TempC1"": 0, ""Digital_IStatus"": ""L"", ""EXTI_Trigger"": ""FALSE"", ""BatV"": 3.657, ""ADC_CH0V"": 0.299, ""Door_status"": ""OPEN"", ""Hum_SHT"": 92.5, ""Work_mode"": ""IIC"", ""TempC_SHT"": 11.7}",Top Gate,-38.6958,143.7723,181.0,"{""lat"": ""-38.6958"", ""lon"": ""143.7723"", ""site"": ""Top Gate"", ""geojson"": ""{\""type\"":\""Point\"",\""coordinates\"":[143.7723,-38.6958,181.0]}"", ""alt"": ""181.0""}",a84041ffff26623c,-87.0,-2.8,11.7,92.5,3.657,OPEN,0.299,L,IIC,0.0,11.7,92.5,,,,,,,,,,,,,,,,,,,,
69ff1c234799c2c46820918c,2026-05-09T11:36:03.357095+00:00,2026-05-09T11:36:03.584Z,1778326563584.0,application/3a8594c3-7866-4007-9786-b5ec52b2d117/device/a84041e2a18523a1/event/up,69a4333a-bc5d-43fd-bbaf-cef0beceed9f,ChirpStack,monitoring,LSN50v2-S31,LST25502625,a84041e2a18523a1,CLASS_A,019dddaa,49964.0,2.0,False,True,2.0,au915_0,"{""Digital_IStatus"": ""L"", ""EXTI_Trigger"": ""FALSE"", ""Hum_SHT"": 92.5, ""TempC1"": 0, ""TempC_SHT"": 11.6, ""BatV"": 3.657, ""Door_status"": ""OPEN"", ""Work_mode"": ""IIC"", ""ADC_CH0V"": 0.3}",Top Gate,-38.6958,143.7723,181.0,"{""alt"": ""181.0"", ""site"": ""Top Gate"", ""lat"": ""-38.6958"", ""lon"": ""143.7723"", ""geojson"": ""{\""type\"":\""Point\"",\""coordinates\"":[143.7723,-38.6958,181.0]}""}",a84041ffff26623c,-96.0,-6.5,11.6,92.5,3.657,OPEN,0.3,L,IIC,0.0,11.6,92.5,,,,,,,,,,,,,,,,,,,,
69ff20d34799c2c468209190,2026-05-09T11:56:03.362275+00:00,2026-05-09T11:56:03.589Z,1778327763589.0,application/3a8594c3-7866-4007-9786-b5ec52b2d117/device/a84041e2a18523a1/event/up,583a1940-86b8-4b89-a838-738a73b0e255,ChirpStack,monitoring,LSN50v2-S31,LST25502625,a84041e2a18523a1,CLASS_A,019dddaa,49965.0,2.0,False,True,2.0,au915_0,"{""Work_mode"": ""IIC"", ""TempC1"": 0, ""ADC_CH0V"": 0.299, ""Door_status"": ""OPEN"", ""Digital_IStatus"": ""L"", ""BatV"": 3.657, ""EXTI_Trigger"": ""FALSE"", ""TempC_SHT"": 11.7, ""Hum_SHT"": 92.7}",Top Gate,-38.6958,143.7723,181.0,"{""geojson"": ""{\""type\"":\""Point\"",\""coordinates\"":[143.7723,-38.6958,181.0]}"", ""lat"": ""-38.6958"", ""alt"": ""181.0"", ""site"": ""Top Gate"", ""lon"": ""143.7723""}",a84041ffff26623c,-82.0,-8.5,11.7,92.7,3.657,OPEN,0.299,L,IIC,0.0,11.7,92.7,,,,,,,,,,,,,,,,,,,,
69ff33934799c2c46820919c,2026-05-09T13:16:03.398050+00:00,2026-05-09T13:16:03.640Z,1778332563640.0,application/3a8594c3-7866-4007-9786-b5ec52b2d117/device/a84041e2a18523a1/event/up,d5d94ca0-4882-41d6-b899-a2da5760f7a6,ChirpStack,monitoring,LSN50v2-S31,LST25502625,a84041e2a18523a1,CLASS_A,019dddaa,49969.0,2.0,False,True,2.0,au915_0,"{""TempC1"": 0, ""EXTI_Trigger"": ""FALSE"", ""BatV"": 3.657, ""TempC_SHT"": 11.8, ""Digital_IStatus"": ""L"", ""Door_status"": ""OPEN"", ""Hum_SHT"": 94.8, ""ADC_CH0V"": 0.299, ""Work_mode"": ""IIC""}",Top Gate,-38.6958,143.7723,181.0,"{""geojson"": ""{\""type\"":\""Point\"",\""coordinates\"":[143.7723,-38.6958,181.0]}"", ""alt"": ""181.0"", ""lon"": ""143.7723"", ""site"": ""Top Gate"", ""lat"": ""-38.6958""}",a84041ffff26623c,-98.0,-9.2,11.8,94.8,3.657,OPEN,0.299,L,IIC,0.0,11.8,94.8,,,,,,,,,,,,,,,,,,,,
69ff3cf34799c2c4682091a2,2026-05-09T13:56:03.404308+00:00,2026-05-09T13:56:03.654Z,1778334963655.0,application/3a8594c3-7866-4007-9786-b5ec52b2d117/device/a84041e2a18523a1/event/up,01b169e9-eea3-4b51-b451-f6490016a098,ChirpStack,monitoring,LSN50v2-S31,LST25502625,a84041e2a18523a1,CLASS_A,019dddaa,49971.0,2.0,False,True,2.0,au915_0,"{""Door_status"": ""OPEN"", ""TempC_SHT"": 11.8, ""BatV"": 3.657, ""ADC_CH0V"": 0.298, ""Digital_IStatus"": ""L"", ""TempC1"": 0, ""Work_mode"": ""IIC"", ""Hum_SHT"": 95.5, ""EXTI_Trigger"": ""FALSE""}",Top Gate,-38.6958,143.7723,181.0,"{""lon"": ""143.7723"", ""geojson"": ""{\""type\"":\""Point\"",\""coordinates\"":[143.7723,-38.6958,181.0]}"", ""site"": ""Top Gate"", ""lat"": ""-38.6958"", ""alt"": ""181.0""}",a84041ffff26623c,-83.0,-10.0,11.8,95.5,3.657,OPEN,0.298,L,IIC,0.0,11.8,95.5,,,,,,,,,,,,,,,,,,,,
69ff41a34799c2c4682091a6,2026-05-09T14:16:03.402912+00:00,2026-05-09T14:16:03.643Z,1778336163643.0,application/3a8594c3-7866-4007-9786-b5ec52b2d117/device/a84041e2a18523a1/event/up,acc71ddb-7ced-4dea-91f3-41d9b801053c,ChirpStack,monitoring,LSN50v2-S31,LST25502625,a84041e2a18523a1,CLASS_A,019dddaa,49972.0,2.0,False,True,2.0,au915_0,"{""Work_mode"": ""IIC"", ""TempC_SHT"": 11.7, ""Digital_IStatus"": ""L"", ""BatV"": 3.657, ""EXTI_Trigger"": ""FALSE"", ""Hum_SHT"": 95.5, ""Door_status"": ""OPEN"", ""TempC1"": 0, ""ADC_CH0V"": 0.3}",Top Gate,-38.6958,143.7723,181.0,"{""geojson"": ""{\""type\"":\""Point\"",\""coordinates\"":[143.7723,-38.6958,181.0]}"", ""lat"": ""-38.6958"", ""lon"": ""143.7723"", ""site"": ""Top Gate"", ""alt"": ""181.0""}",a84041ffff26623c,-89.0,-4.8,11.7,95.5,3.657,OPEN,0.3,L,IIC,0.0,11.7,95.5,,,,,,,,,,,,,,,,,,,,
69ff46534799c2c4682091a9,2026-05-09T14:36:03.409706+00:00,2026-05-09T14:36:03.640Z,1778337363640.0,application/3a8594c3-7866-4007-9786-b5ec52b2d117/device/a84041e2a18523a1/event/up,f23eb8b5-efdf-427e-8d0c-9f0a74e6c59a,ChirpStack,monitoring,LSN50v2-S31,LST25502625,a84041e2a18523a1,CLASS_A,019dddaa,49973.0,2.0,False,True,2.0,au915_0,"{""Door_status"": ""OPEN"", ""Hum_SHT"": 95.4, ""EXTI_Trigger"": ""FALSE"", ""Digital_IStatus"": ""L"", ""TempC1"": 0, ""ADC_CH0V"": 0.298, ""Work_mode"": ""IIC"", ""BatV"": 3.659, ""TempC_SHT"": 11.7}",Top Gate,-38.6958,143.7723,181.0,"{""site"": ""Top Gate"", ""lat"": ""-38.6958"", ""alt"": ""181.0"", ""geojson"": ""{\""type\"":\""Point\"",\""coordinates\"":[143.7723,-38.6958,181.0]}"", ""lon"": ""143.7723""}",a84041ffff26623c,-94.0,-3.0,11.7,95.4,3.659,OPEN,0.298,L,IIC,0.0,11.7,95.4,,,,,,,,,,,,,,,,,,,,
69ff54634799c2c4682091b2,2026-05-09T15:36:03.433847+00:00,2026-05-09T15:36:03.704Z,1778340963704.0,application/3a8594c3-7866-4007-9786-b5ec52b2d117/device/a84041e2a18523a1/event/up,19de45c6-8ab9-44cb-81e6-2fe141b3ee18,ChirpStack,monitoring,LSN50v2-S31,LST25502625,a84041e2a18523a1,CLASS_A,019dddaa,49976.0,2.0,False,True,2.0,au915_0,"{""Hum_SHT"": 94.8, ""ADC_CH0V"": 0.3, ""TempC1"": 0, ""BatV"": 3.657, ""Digital_IStatus"": ""L"", ""EXTI_Trigger"": ""FALSE"", ""Work_mode"": ""IIC"", ""TempC_SHT"": 11.6, ""Door_status"": ""OPEN""}",Top Gate,-38.6958,143.7723,181.0,"{""lon"": ""143.7723"", ""geojson"": ""{\""type\"":\""Point\"",\""coordinates\"":[143.7723,-38.6958,181.0]}"", ""site"": ""Top Gate"", ""lat"": ""-38.6958"", ""alt"": ""181.0""}",a84041ffff26623c,-92.0,-5.8,11.6,94.8,3.657,OPEN,0.3,L,IIC,0.0,11.6,94.8,,,,,,,,,,,,,,,,,,,,
69ff62734799c2c4682091bc,2026-05-09T16:36:03.444722+00:00,2026-05-09T16:36:03.707Z,1778344563708.0,application/3a8594c3-7866-4007-9786-b5ec52b2d117/device/a84041e2a18523a1/event/up,580df450-2a31-44a2-b02b-ff25581b7f7e,ChirpStack,monitoring,LSN50v2-S31,LST25502625,a84041e2a18523a1,CLASS_A,019dddaa,49979.0,2.0,False,True,2.0,au915_0,"{""Digital_IStatus"": ""L"", ""Hum_SHT"": 94.4, ""Work_mode"": ""IIC"", ""Door_status"": ""OPEN"", ""ADC_CH0V"": 0.299, ""BatV"": 3.657, ""EXTI_Trigger"": ""FALSE"", ""TempC1"": 0, ""TempC_SHT"": 11.7}",Top Gate,-38.6958,143.7723,181.0,"{""geojson"": ""{\""type\"":\""Point\"",\""coordinates\"":[143.7723,-38.6958,181.0]}"", ""lon"": ""143.7723"", ""lat"": ""-38.6958"", ""alt"": ""181.0"", ""site"": ""Top Gate""}",a84041ffff26623c,-95.0,-4.2,11.7,94.4,3.657,OPEN,0.299,L,IIC,0.0,11.7,94.4,,,,,,,,,,,,,,,,,,,,
69ff67234799c2c4682091c0,2026-05-09T16:56:03.453838+00:00,2026-05-09T16:56:03.718Z,1778345763718.0,application/3a8594c3-7866-4007-9786-b5ec52b2d117/device/a84041e2a18523a1/event/up,bf4674e6-8c69-4592-886e-cb53b5f672d1,ChirpStack,monitoring,LSN50v2-S31,LST25502625,a84041e2a18523a1,CLASS_A,019dddaa,49980.0,2.0,False,True,2.0,au915_0,"{""TempC1"": 0, ""EXTI_Trigger"": ""FALSE"", ""Work_mode"": ""IIC"", ""BatV"": 3.657, ""Hum_SHT"": 94.4, ""Door_status"": ""OPEN"", ""TempC_SHT"": 11.6, ""Digital_IStatus"": ""L"", ""ADC_CH0V"": 0.299}",Top Gate,-38.6958,143.7723,181.0,"{""lon"": ""143.7723"", ""geojson"": ""{\""type\"":\""Point\"",\""coordinates\"":[143.7723,-38.6958,181.0]}"", ""site"": ""Top Gate"", ""alt"": ""181.0"", ""lat"": ""-38.6958""}",a84041ffff26623c,-87.0,3.0,11.6,94.4,3.657,OPEN,0.299,L,IIC,0.0,11.6,94.4,,,,,,,,,,,,,,,,,,,,
69ff6bd34799c2c4682091c5,2026-05-09T17:16:03.464274+00:00,2026-05-09T17:16:03.723Z,1778346963723.0,application/3a8594c3-7866-4007-9786-b5ec52b2d117/device/a84041e2a18523a1/event/up,fd2b71d6-80e0-49f9-9feb-59c80dc56af4,ChirpStack,monitoring,LSN50v2-S31,LST25502625,a84041e2a18523a1,CLASS_A,019dddaa,49981.0,2.0,False,True,2.0,au915_0,"{""Work_mode"": ""IIC"", ""EXTI_Trigger"": ""FALSE"", ""Door_status"": ""OPEN"", ""TempC1"": 0, ""Hum_SHT"": 94.8, ""BatV"": 3.659, ""TempC_SHT"": 11.6, ""ADC_CH0V"": 0.298, ""Digital_IStatus"": ""L""}",Top Gate,-38.6958,143.7723,181.0,"{""alt"": ""181.0"", ""site"": ""Top Gate"", ""geojson"": ""{\""type\"":\""Point\"",\""coordinates\"":[143.7723,-38.6958,181.0]}"", ""lat"": ""-38.6958"", ""lon"": ""143.7723""}",a84041ffff26623c,-88.0,-0.5,11.6,94.8,3.659,OPEN,0.298,L,IIC,0.0,11.6,94.8,,,,,,,,,,,,,,,,,,,,
69ff70834799c2c4682091c8,2026-05-09T17:36:03.462609+00:00,2026-05-09T17:36:03.723Z,1778348163723.0,application/3a8594c3-7866-4007-9786-b5ec52b2d117/device/a84041e2a18523a1/event/up,6c655a62-9e25-4375-b5fc-2fe09215ee30,ChirpStack,monitoring,LSN50v2-S31,LST25502625,a84041e2a18523a1,CLASS_A,019dddaa,49982.0,2.0,False,True,2.0,au915_0,"{""Door_status"": ""OPEN"", ""TempC1"": 0, ""BatV"": 3.657, ""Hum_SHT"": 94.7, ""ADC_CH0V"": 0.299, ""EXTI_Trigger"": ""FALSE"", ""TempC_SHT"": 11.7, ""Digital_IStatus"": ""L"", ""Work_mode"": ""IIC""}",Top Gate,-38.6958,143.7723,181.0,"{""site"": ""Top Gate"", ""lon"": ""143.7723"", ""alt"": ""181.0"", ""geojson"": ""{\""type\"":\""Point\"",\""coordinates\"":[143.7723,-38.6958,181.0]}"", ""lat"": ""-38.6958""}",a84041ffff26623c,-97.0,4.5,11.7,94.7,3.657,OPEN,0.299,L,IIC,0.0,11.7,94.7,,,,,,,,,,,,,,,,,,,,
69ff75334799c2c4682091cf,2026-05-09T17:56:03.468537+00:00,2026-05-09T17:56:03.732Z,1778349363733.0,application/3a8594c3-7866-4007-9786-b5ec52b2d117/device/a84041e2a18523a1/event/up,89c98e6a-93c8-4dcf-acac-5cfe28eb8120,ChirpStack,monitoring,LSN50v2-S31,LST25502625,a84041e2a18523a1,CLASS_A,019dddaa,49983.0,2.0,False,True,2.0,au915_0,"{""BatV"": 3.659, ""Digital_IStatus"": ""L"", ""TempC_SHT"": 11.7, ""ADC_CH0V"": 0.298, ""TempC1"": 0, ""Work_mode"": ""IIC"", ""Door_status"": ""OPEN"", ""Hum_SHT"": 94.3, ""EXTI_Trigger"": ""FALSE""}",Top Gate,-38.6958,143.7723,181.0,"{""lon"": ""143.7723"", ""lat"": ""-38.6958"", ""alt"": ""181.0"", ""geojson"": ""{\""type\"":\""Point\"",\""coordinates\"":[143.7723,-38.6958,181.0]}"", ""site"": ""Top Gate""}",a84041ffff26623c,-93.0,-9.2,11.7,94.3,3.659,OPEN,0.298,L,IIC,0.0,11.7,94.3,,,,,,,,,,,,,,,,,,,,
69ff7e934799c2c4682091d5,2026-05-09T18:36:03.485041+00:00,2026-05-09T18:36:03.706Z,1778351763706.0,application/3a8594c3-7866-4007-9786-b5ec52b2d117/device/a84041e2a18523a1/event/up,0c6b903e-7276-4315-9f1b-00b9e4a708a0,ChirpStack,monitoring,LSN50v2-S31,LST25502625,a84041e2a18523a1,CLASS_A,019dddaa,49985.0,2.0,False,True,2.0,au915_0,"{""EXTI_Trigger"": ""FALSE"", ""BatV"": 3.657, ""Digital_IStatus"": ""L"", ""Work_mode"": ""IIC"", ""Door_status"": ""OPEN"", ""TempC_SHT"": 10.7, ""Hum_SHT"": 94, ""TempC1"": 0, ""ADC_CH0V"": 0.299}",Top Gate,-38.6958,143.7723,181.0,"{""geojson"": ""{\""type\"":\""Point\"",\""coordinates\"":[143.7723,-38.6958,181.0]}"", ""alt"": ""181.0"", ""site"": ""Top Gate"", ""lon"": ""143.7723"", ""lat"": ""-38.6958""}",a84041ffff26623c,-84.0,1.2,10.7,94.0,3.657,OPEN,0.299,L,IIC,0.0,10.7,94.0,,,,,,,,,,,,,,,,,,,,
69ff83434799c2c4682091d9,2026-05-09T18:56:03.491346+00:00,2026-05-09T18:56:03.707Z,1778352963708.0,application/3a8594c3-7866-4007-9786-b5ec52b2d117/device/a84041e2a18523a1/event/up,7d6e8ff1-bc0d-4d57-aab6-2dea1c4b5bed,ChirpStack,monitoring,LSN50v2-S31,LST25502625,a84041e2a18523a1,CLASS_A,019dddaa,49986.0,2.0,False,True,2.0,au915_0,"{""Door_status"": ""OPEN"", ""ADC_CH0V"": 0.301, ""BatV"": 3.657, ""TempC_SHT"": 10.4, ""Work_mode"": ""IIC"", ""Hum_SHT"": 94.5, ""Digital_IStatus"": ""L"", ""TempC1"": 0, ""EXTI_Trigger"": ""FALSE""}",Top Gate,-38.6958,143.7723,181.0,"{""geojson"": ""{\""type\"":\""Point\"",\""coordinates\"":[143.7723,-38.6958,181.0]}"", ""site"": ""Top Gate"", ""lon"": ""143.7723"", ""lat"": ""-38.6958"", ""alt"": ""181.0""}",a84041ffff26623c,-83.0,-0.2,10.4,94.5,3.657,OPEN,0.301,L,IIC,0.0,10.4,94.5,,,,,,,,,,,,,,,,,,,,
69ff91534799c2c4682091e2,2026-05-09T19:56:03.522722+00:00,2026-05-09T19:56:03.817Z,1778356563818.0,application/3a8594c3-7866-4007-9786-b5ec52b2d117/device/a84041e2a18523a1/event/up,1131cd88-edf9-48b3-aa50-da75160507e8,ChirpStack,monitoring,LSN50v2-S31,LST25502625,a84041e2a18523a1,CLASS_A,019dddaa,49989.0,2.0,False,True,2.0,au915_0,"{""TempC_SHT"": 10.9, ""BatV"": 3.657, ""Door_status"": ""OPEN"", ""Hum_SHT"": 94.5, ""ADC_CH0V"": 0.3, ""TempC1"": 0, ""Digital_IStatus"": ""L"", ""EXTI_Trigger"": ""FALSE"", ""Work_mode"": ""IIC""}",Top Gate,-38.6958,143.7723,181.0,"{""geojson"": ""{\""type\"":\""Point\"",\""coordinates\"":[143.7723,-38.6958,181.0]}"", ""alt"": ""181.0"", ""site"": ""Top Gate"", ""lon"": ""143.7723"", ""lat"": ""-38.6958""}",a84041ffff26623c,-99.0,1.0,10.9,94.5,3.657,OPEN,0.3,L,IIC,0.0,10.9,94.5,,,,,,,,,,,,,,,,,,,,
69ff9ab34799c2c4682091e8,2026-05-09T20:36:03.537617+00:00,2026-05-09T20:36:03.804Z,1778358963805.0,application/3a8594c3-7866-4007-9786-b5ec52b2d117/device/a84041e2a18523a1/event/up,48844d4b-5838-46d0-ac98-ebe599285fbf,ChirpStack,monitoring,LSN50v2-S31,LST25502625,a84041e2a18523a1,CLASS_A,019dddaa,49991.0,2.0,False,True,2.0,au915_0,"{""Hum_SHT"": 93.8, ""Work_mode"": ""IIC"", ""TempC1"": 0, ""Digital_IStatus"": ""L"", ""EXTI_Trigger"": ""FALSE"", ""TempC_SHT"": 11.3, ""Door_status"": ""OPEN"", ""BatV"": 3.657, ""ADC_CH0V"": 0.3}",Top Gate,-38.6958,143.7723,181.0,"{""geojson"": ""{\""type\"":\""Point\"",\""coordinates\"":[143.7723,-38.6958,181.0]}"", ""lon"": ""143.7723"", ""lat"": ""-38.6958"", ""alt"": ""181.0"", ""site"": ""Top Gate""}",a84041ffff26623c,-90.0,4.5,11.3,93.8,3.657,OPEN,0.3,L,IIC,0.0,11.3,93.8,,,,,,,,,,,,,,,,,,,,
69ff9f634799c2c4682091ec,2026-05-09T20:56:03.539743+00:00,2026-05-09T20:56:03.802Z,1778360163802.0,application/3a8594c3-7866-4007-9786-b5ec52b2d117/device/a84041e2a18523a1/event/up,37bc3872-ecac-43b1-b7e5-08f552fd2e35,ChirpStack,monitoring,LSN50v2-S31,LST25502625,a84041e2a18523a1,CLASS_A,019dddaa,49992.0,2.0,False,True,2.0,au915_0,"{""TempC1"": 0, ""BatV"": 3.657, ""Door_status"": ""OPEN"", ""Digital_IStatus"": ""L"", ""TempC_SHT"": 11.3, ""Hum_SHT"": 93.1, ""EXTI_Trigger"": ""FALSE"", ""ADC_CH0V"": 0.299, ""Work_mode"": ""IIC""}",Top Gate,-38.6958,143.7723,181.0,"{""alt"": ""181.0"", ""site"": ""Top Gate"", ""geojson"": ""{\""type\"":\""Point\"",\""coordinates\"":[143.7723,-38.6958,181.0]}"", ""lon"": ""143.7723"", ""lat"": ""-38.6958""}",a84041ffff26623c,-92.0,5.8,11.3,93.1,3.657,OPEN,0.299,L,IIC,0.0,11.3,93.1,,,,,,,,,,,,,,,,,,,,
69ffa8c34799c2c4682091f2,2026-05-09T21:36:03.549531+00:00,2026-05-09T21:36:03.786Z,1778362563786.0,application/3a8594c3-7866-4007-9786-b5ec52b2d117/device/a84041e2a18523a1/event/up,36bb7cec-d4c6-499c-a168-9c1553a1a25e,ChirpStack,monitoring,LSN50v2-S31,LST25502625,a84041e2a18523a1,CLASS_A,019dddaa,49994.0,2.0,False,True,2.0,au915_0,"{""BatV"": 3.657, ""Work_mode"": ""IIC"", ""Digital_IStatus"": ""L"", ""Door_status"": ""OPEN"", ""EXTI_Trigger"": ""FALSE"", ""ADC_CH0V"": 0.3, ""TempC1"": 0, ""TempC_SHT"": 11.5, ""Hum_SHT"": 92.2}",Top Gate,-38.6958,143.7723,181.0,"{""lon"": ""143.7723"", ""geojson"": ""{\""type\"":\""Point\"",\""coordinates\"":[143.7723,-38.6958,181.0]}"", ""alt"": ""181.0"", ""lat"": ""-38.6958"", ""site"": ""Top Gate""}",a84041ffff26623c,-101.0,7.5,11.5,92.2,3.657,OPEN,0.3,L,IIC,0.0,11.5,92.2,,,,,,,,,,,,,,,,,,,,
69ffb2234799c2c4682091f9,2026-05-09T22:16:03.559987+00:00,2026-05-09T22:16:03.833Z,1778364963834.0,application/3a8594c3-7866-4007-9786-b5ec52b2d117/device/a84041e2a18523a1/event/up,34ce6847-cc24-4147-93d9-10fdef74928c,ChirpStack,monitoring,LSN50v2-S31,LST25502625,a84041e2a18523a1,CLASS_A,019dddaa,49996.0,2.0,False,True,2.0,au915_0,"{""TempC1"": 0, ""Digital_IStatus"": ""L"", ""EXTI_Trigger"": ""FALSE"", ""Door_status"": ""OPEN"", ""TempC_SHT"": 11.7, ""ADC_CH0V"": 0.299, ""Hum_SHT"": 91.7, ""Work_mode"": ""IIC"", ""BatV"": 3.657}",Top Gate,-38.6958,143.7723,181.0,"{""site"": ""Top Gate"", ""lon"": ""143.7723"", ""lat"": ""-38.6958"", ""alt"": ""181.0"", ""geojson"": ""{\""type\"":\""Point\"",\""coordinates\"":[143.7723,-38.6958,181.0]}""}",a84041ffff26623c,-107.0,5.5,11.7,91.7,3.657,OPEN,0.299,L,IIC,0.0,11.7,91.7,,,,,,,,,,,,,,,,,,,,
69ffbb834799c2c4682091ff,2026-05-09T22:56:03.574842+00:00,2026-05-09T22:56:03.836Z,1778367363836.0,application/3a8594c3-7866-4007-9786-b5ec52b2d117/device/a84041e2a18523a1/event/up,19507f9b-b4e9-426d-8459-940a7a948efa,ChirpStack,monitoring,LSN50v2-S31,LST25502625,a84041e2a18523a1,CLASS_A,019dddaa,49998.0,2.0,False,True,2.0,au915_0,"{""Digital_IStatus"": ""L"", ""Door_status"": ""OPEN"", ""Work_mode"": ""IIC"", ""ADC_CH0V"": 0.297, ""TempC_SHT"": 12, ""BatV"": 3.659, ""EXTI_Trigger"": ""FALSE"", ""Hum_SHT"": 91.2, ""TempC1"": 0}",Top Gate,-38.6958,143.7723,181.0,"{""alt"": ""181.0"", ""lon"": ""143.7723"", ""lat"": ""-38.6958"", ""geojson"": ""{\""type\"":\""Point\"",\""coordinates\"":[143.7723,-38.6958,181.0]}"", ""site"": ""Top Gate""}",a84041ffff26623c,-97.0,10.0,12.0,91.2,3.659,OPEN,0.297,L,IIC,0.0,12.0,91.2,,,,,,,,,,,,,,,,,,,,
69ffc0334799c2c468209203,2026-05-09T23:16:03.571905+00:00,2026-05-09T23:16:03.834Z,1778368563834.0,application/3a8594c3-7866-4007-9786-b5ec52b2d117/device/a84041e2a18523a1/event/up,962a1d36-a0c1-45a7-9342-33e0c8dc011e,ChirpStack,monitoring,LSN50v2-S31,LST25502625,a84041e2a18523a1,CLASS_A,019dddaa,49999.0,2.0,False,True,2.0,au915_0,"{""BatV"": 3.659, ""Door_status"": ""OPEN"", ""Hum_SHT"": 91, ""ADC_CH0V"": 0.297, ""Digital_IStatus"": ""L"", ""TempC_SHT"": 12.1, ""TempC1"": 0, ""Work_mode"": ""IIC"", ""EXTI_Trigger"": ""FALSE""}",Top Gate,-38.6958,143.7723,181.0,"{""lon"": ""143.7723"", ""alt"": ""181.0"", ""lat"": ""-38.6958"", ""site"": ""Top Gate"", ""geojson"": ""{\""type\"":\""Point\"",\""coordinates\"":[143.7723,-38.6958,181.0]}""}",a84041ffff26623c,-100.0,9.5,12.1,91.0,3.659,OPEN,0.297,L,IIC,0.0,12.1,91.0,,,,,,,,,,,,,,,,,,,,
69ffce434799c2c46820920d,2026-05-10T00:16:03.594299+00:00,2026-05-10T00:16:03.859Z,1778372163859.0,application/3a8594c3-7866-4007-9786-b5ec52b2d117/device/a84041e2a18523a1/event/up,4cb70383-456b-4791-9273-ef7eb38213e2,ChirpStack,monitoring,LSN50v2-S31,LST25502625,a84041e2a18523a1,CLASS_A,019dddaa,50002.0,2.0,False,True,2.0,au915_0,"{""ADC_CH0V"": 0.298, ""Hum_SHT"": 90.6, ""TempC_SHT"": 12.5, ""Door_status"": ""OPEN"", ""BatV"": 3.657, ""Work_mode"": ""IIC"", ""EXTI_Trigger"": ""FALSE"", ""TempC1"": 0, ""Digital_IStatus"": ""L""}",Top Gate,-38.6958,143.7723,181.0,"{""lon"": ""143.7723"", ""geojson"": ""{\""type\"":\""Point\"",\""coordinates\"":[143.7723,-38.6958,181.0]}"", ""site"": ""Top Gate"", ""alt"": ""181.0"", ""lat"": ""-38.6958""}",a84041ffff26623c,-102.0,7.8,12.5,90.6,3.657,OPEN,0.298,L,IIC,0.0,12.5,90.6,,,,,,,,,,,,,,,,,,,,
69ffd2f34799c2c468209210,2026-05-10T00:36:03.590069+00:00,2026-05-10T00:36:03.856Z,1778373363856.0,application/3a8594c3-7866-4007-9786-b5ec52b2d117/device/a84041e2a18523a1/event/up,15003a44-8333-4138-bcc1-a10a2b09ac57,ChirpStack,monitoring,LSN50v2-S31,LST25502625,a84041e2a18523a1,CLASS_A,019dddaa,50003.0,2.0,False,True,2.0,au915_0,"{""Work_mode"": ""IIC"", ""ADC_CH0V"": 0.298, ""EXTI_Trigger"": ""FALSE"", ""TempC1"": 0, ""Door_status"": ""OPEN"", ""BatV"": 3.657, ""Digital_IStatus"": ""L"", ""Hum_SHT"": 90.6, ""TempC_SHT"": 12.7}",Top Gate,-38.6958,143.7723,181.0,"{""geojson"": ""{\""type\"":\""Point\"",\""coordinates\"":[143.7723,-38.6958,181.0]}"", ""lat"": ""-38.6958"", ""alt"": ""181.0"", ""site"": ""Top Gate"", ""lon"": ""143.7723""}",a84041ffff26623c,-108.0,7.0,12.7,90.6,3.657,OPEN,0.298,L,IIC,0.0,12.7,90.6,,,,,,,,,,,,,,,,,,,,
69ffd7a34799c2c468209214,2026-05-10T00:56:03.601121+00:00,2026-05-10T00:56:03.834Z,1778374563834.0,application/3a8594c3-7866-4007-9786-b5ec52b2d117/device/a84041e2a18523a1/event/up,d5d56920-a401-412d-90f9-0a9688002aa0,ChirpStack,monitoring,LSN50v2-S31,LST25502625,a84041e2a18523a1,CLASS_A,019dddaa,50004.0,2.0,False,True,2.0,au915_0,"{""EXTI_Trigger"": ""FALSE"", ""Digital_IStatus"": ""L"", ""Work_mode"": ""IIC"", ""TempC1"": 0, ""BatV"": 3.657, ""Hum_SHT"": 90.5, ""Door_status"": ""OPEN"", ""TempC_SHT"": 13.2, ""ADC_CH0V"": 0.297}",Top Gate,-38.6958,143.7723,181.0,"{""site"": ""Top Gate"", ""lat"": ""-38.6958"", ""lon"": ""143.7723"", ""geojson"": ""{\""type\"":\""Point\"",\""coordinates\"":[143.7723,-38.6958,181.0]}"", ""alt"": ""181.0""}",a84041ffff26623c,-108.0,4.5,13.2,90.5,3.657,OPEN,0.297,L,IIC,0.0,13.2,90.5,,,,,,,,,,,,,,,,,,,,
69ffdc534799c2c468209218,2026-05-10T01:16:03.603815+00:00,2026-05-10T01:16:03.826Z,1778375763827.0,application/3a8594c3-7866-4007-9786-b5ec52b2d117/device/a84041e2a18523a1/event/up,cf7430ad-5988-40d4-abbe-0cf0ac3860e0,ChirpStack,monitoring,LSN50v2-S31,LST25502625,a84041e2a18523a1,CLASS_A,019dddaa,50005.0,2.0,False,True,2.0,au915_0,"{""Door_status"": ""OPEN"", ""ADC_CH0V"": 0.298, ""Digital_IStatus"": ""L"", ""TempC_SHT"": 13.7, ""EXTI_Trigger"": ""FALSE"", ""Hum_SHT"": 89.4, ""TempC1"": 0, ""Work_mode"": ""IIC"", ""BatV"": 3.657}",Top Gate,-38.6958,143.7723,181.0,"{""site"": ""Top Gate"", ""lon"": ""143.7723"", ""lat"": ""-38.6958"", ""geojson"": ""{\""type\"":\""Point\"",\""coordinates\"":[143.7723,-38.6958,181.0]}"", ""alt"": ""181.0""}",a84041ffff26623c,-113.0,5.2,13.7,89.4,3.657,OPEN,0.298,L,IIC,0.0,13.7,89.4,,,,,,,,,,,,,,,,,,,,
69ffe5b34799c2c46820921e,2026-05-10T01:56:03.607136+00:00,2026-05-10T01:56:03.861Z,1778378163861.0,application/3a8594c3-7866-4007-9786-b5ec52b2d117/device/a84041e2a18523a1/event/up,bb1d673f-4b7d-4230-86a6-f9a40b218ae1,ChirpStack,monitoring,LSN50v2-S31,LST25502625,a84041e2a18523a1,CLASS_A,019dddaa,50007.0,2.0,False,True,2.0,au915_0,"{""EXTI_Trigger"": ""FALSE"", ""Work_mode"": ""IIC"", ""Hum_SHT"": 87.4, ""Door_status"": ""OPEN"", ""TempC_SHT"": 13.6, ""Digital_IStatus"": ""L"", ""TempC1"": 0, ""ADC_CH0V"": 0.296, ""BatV"": 3.659}",Top Gate,-38.6958,143.7723,181.0,"{""lat"": ""-38.6958"", ""alt"": ""181.0"", ""geojson"": ""{\""type\"":\""Point\"",\""coordinates\"":[143.7723,-38.6958,181.0]}"", ""site"": ""Top Gate"", ""lon"": ""143.7723""}",a84041ffff26623c,-107.0,7.0,13.6,87.4,3.659,OPEN,0.296,L,IIC,0.0,13.6,87.4,,,,,,,,,,,,,,,,,,,,
69ffea634799c2c468209223,2026-05-10T02:16:03.614094+00:00,2026-05-10T02:16:03.895Z,1778379363895.0,application/3a8594c3-7866-4007-9786-b5ec52b2d117/device/a84041e2a18523a1/event/up,62252809-cbb5-48e3-bb70-909da6807e6b,ChirpStack,monitoring,LSN50v2-S31,LST25502625,a84041e2a18523a1,CLASS_A,019dddaa,50008.0,2.0,False,True,2.0,au915_0,"{""Digital_IStatus"": ""L"", ""Door_status"": ""OPEN"", ""TempC_SHT"": 13.5, ""TempC1"": 0, ""ADC_CH0V"": 0.298, ""Hum_SHT"": 89.4, ""EXTI_Trigger"": ""FALSE"", ""BatV"": 3.657, ""Work_mode"": ""IIC""}",Top Gate,-38.6958,143.7723,181.0,"{""alt"": ""181.0"", ""geojson"": ""{\""type\"":\""Point\"",\""coordinates\"":[143.7723,-38.6958,181.0]}"", ""lat"": ""-38.6958"", ""lon"": ""143.7723"", ""site"": ""Top Gate""}",a84041ffff26623c,-92.0,10.5,13.5,89.4,3.657,OPEN,0.298,L,IIC,0.0,13.5,89.4,,,,,,,,,,,,,,,,,,,,
69ffef134799c2c468209227,2026-05-10T02:36:03.621821+00:00,2026-05-10T02:36:03.891Z,1778380563891.0,application/3a8594c3-7866-4007-9786-b5ec52b2d117/device/a84041e2a18523a1/event/up,6539ac3c-466c-4668-bb0e-51795c667b67,ChirpStack,monitoring,LSN50v2-S31,LST25502625,a84041e2a18523a1,CLASS_A,019dddaa,50009.0,2.0,False,True,2.0,au915_0,"{""Work_mode"": ""IIC"", ""ADC_CH0V"": 0.298, ""BatV"": 3.657, ""EXTI_Trigger"": ""FALSE"", ""Door_status"": ""OPEN"", ""TempC_SHT"": 13.5, ""Hum_SHT"": 90.6, ""TempC1"": 0, ""Digital_IStatus"": ""L""}",Top Gate,-38.6958,143.7723,181.0,"{""lat"": ""-38.6958"", ""site"": ""Top Gate"", ""alt"": ""181.0"", ""lon"": ""143.7723"", ""geojson"": ""{\""type\"":\""Point\"",\""coordinates\"":[143.7723,-38.6958,181.0]}""}",a84041ffff26623c,-97.0,12.0,13.5,90.6,3.657,OPEN,0.298,L,IIC,0.0,13.5,90.6,,,,,,,,,,,,,,,,,,,,
69fff8734799c2c46820922f,2026-05-10T03:16:03.625786+00:00,2026-05-10T03:16:03.873Z,1778382963873.0,application/3a8594c3-7866-4007-9786-b5ec52b2d117/device/a84041e2a18523a1/event/up,ad9caef3-4cb6-4055-ae5a-cc31838c946e,ChirpStack,monitoring,LSN50v2-S31,LST25502625,a84041e2a18523a1,CLASS_A,019dddaa,50011.0,2.0,False,True,2.0,au915_0,"{""TempC_SHT"": 13.7, ""Work_mode"": ""IIC"", ""EXTI_Trigger"": ""FALSE"", ""ADC_CH0V"": 0.296, ""TempC1"": 0, ""Hum_SHT"": 92.4, ""BatV"": 3.659, ""Digital_IStatus"": ""L"", ""Door_status"": ""OPEN""}",Top Gate,-38.6958,143.7723,181.0,"{""alt"": ""181.0"", ""lon"": ""143.7723"", ""lat"": ""-38.6958"", ""site"": ""Top Gate"", ""geojson"": ""{\""type\"":\""Point\"",\""coordinates\"":[143.7723,-38.6958,181.0]}""}",a84041ffff26623c,-108.0,6.2,13.7,92.4,3.659,OPEN,0.296,L,IIC,0.0,13.7,92.4,,,,,,,,,,,,,,,,,,,,
69fffd234799c2c468209232,2026-05-10T03:36:03.632696+00:00,2026-05-10T03:36:03.888Z,1778384163888.0,application/3a8594c3-7866-4007-9786-b5ec52b2d117/device/a84041e2a18523a1/event/up,8efa21b0-e63e-4fac-8676-f9ae453841da,ChirpStack,monitoring,LSN50v2-S31,LST25502625,a84041e2a18523a1,CLASS_A,019dddaa,50012.0,2.0,False,True,2.0,au915_0,"{""Digital_IStatus"": ""L"", ""TempC_SHT"": 13.3, ""Work_mode"": ""IIC"", ""TempC1"": 0, ""EXTI_Trigger"": ""FALSE"", ""Hum_SHT"": 92.9, ""BatV"": 3.657, ""Door_status"": ""OPEN"", ""ADC_CH0V"": 0.297}",Top Gate,-38.6958,143.7723,181.0,"{""site"": ""Top Gate"", ""alt"": ""181.0"", ""geojson"": ""{\""type\"":\""Point\"",\""coordinates\"":[143.7723,-38.6958,181.0]}"", ""lon"": ""143.7723"", ""lat"": ""-38.6958""}",a84041ffff26623c,-116.0,5.8,13.3,92.9,3.657,OPEN,0.297,L,IIC,0.0,13.3,92.9,,,,,,,,,,,,,,,,,,,,
6a0006834799c2c46820923a,2026-05-10T04:16:03.639800+00:00,2026-05-10T04:16:03.887Z,1778386563887.0,application/3a8594c3-7866-4007-9786-b5ec52b2d117/device/a84041e2a18523a1/event/up,bc21b36a-0327-4e10-b0ed-27c56b57a37e,ChirpStack,monitoring,LSN50v2-S31,LST25502625,a84041e2a18523a1,CLASS_A,019dddaa,50014.0,2.0,False,True,2.0,au915_0,"{""Door_status"": ""OPEN"", ""Work_mode"": ""IIC"", ""Hum_SHT"": 93.8, ""EXTI_Trigger"": ""FALSE"", ""TempC_SHT"": 13, ""BatV"": 3.657, ""ADC_CH0V"": 0.297, ""Digital_IStatus"": ""L"", ""TempC1"": 0}",Top Gate,-38.6958,143.7723,181.0,"{""lon"": ""143.7723"", ""lat"": ""-38.6958"", ""site"": ""Top Gate"", ""alt"": ""181.0"", ""geojson"": ""{\""type\"":\""Point\"",\""coordinates\"":[143.7723,-38.6958,181.0]}""}",a84041ffff26623c,-106.0,2.5,13.0,93.8,3.657,OPEN,0.297,L,IIC,0.0,13.0,93.8,,,,,,,,,,,,,,,,,,,,
6a000fe34799c2c468209240,2026-05-10T04:56:03.650627+00:00,2026-05-10T04:56:03.912Z,1778388963912.0,application/3a8594c3-7866-4007-9786-b5ec52b2d117/device/a84041e2a18523a1/event/up,628a5764-5fc3-4134-a566-a01ba46fe6d1,ChirpStack,monitoring,LSN50v2-S31,LST25502625,a84041e2a18523a1,CLASS_A,019dddaa,50016.0,2.0,False,True,2.0,au915_0,"{""BatV"": 3.657, ""TempC1"": 0, ""Door_status"": ""OPEN"", ""ADC_CH0V"": 0.299, ""Work_mode"": ""IIC"", ""TempC_SHT"": 12.7, ""Hum_SHT"": 95.4, ""EXTI_Trigger"": ""FALSE"", ""Digital_IStatus"": ""L""}",Top Gate,-38.6958,143.7723,181.0,"{""site"": ""Top Gate"", ""lat"": ""-38.6958"", ""lon"": ""143.7723"", ""geojson"": ""{\""type\"":\""Point\"",\""coordinates\"":[143.7723,-38.6958,181.0]}"", ""alt"": ""181.0""}",a84041ffff26623c,-94.0,13.0,12.7,95.4,3.657,OPEN,0.299,L,IIC,0.0,12.7,95.4,,,,,,,,,,,,,,,,,,,,
6a00194329c3f904d39110f8,2026-05-10T05:36:03.668427+00:00,2026-05-10T05:36:03.918Z,1778391363918.0,application/3a8594c3-7866-4007-9786-b5ec52b2d117/device/a84041e2a18523a1/event/up,f40103fc-3d87-4f90-bd6b-00dc7fa1b4af,ChirpStack,monitoring,LSN50v2-S31,LST25502625,a84041e2a18523a1,CLASS_A,019dddaa,50018.0,2.0,False,True,2.0,au915_0,"{""Door_status"": ""OPEN"", ""TempC_SHT"": 12.6, ""EXTI_Trigger"": ""FALSE"", ""TempC1"": 0, ""ADC_CH0V"": 0.299, ""BatV"": 3.657, ""Digital_IStatus"": ""L"", ""Work_mode"": ""IIC"", ""Hum_SHT"": 96.4}",Top Gate,-38.6958,143.7723,181.0,"{""site"": ""Top Gate"", ""lat"": ""-38.6958"", ""lon"": ""143.7723"", ""geojson"": ""{\""type\"":\""Point\"",\""coordinates\"":[143.7723,-38.6958,181.0]}"", ""alt"": ""181.0""}",a84041ffff26623c,-91.0,10.8,12.6,96.4,3.657,OPEN,0.299,L,IIC,0.0,12.6,96.4,,,,,,,,,,,,,,,,,,,,
6a0022a329c3f904d3911101,2026-05-10T06:16:03.675517+00:00,2026-05-10T06:16:03.916Z,1778393763916.0,application/3a8594c3-7866-4007-9786-b5ec52b2d117/device/a84041e2a18523a1/event/up,277e6ab8-ec6b-476f-96a3-2cd8a6006cb6,ChirpStack,monitoring,LSN50v2-S31,LST25502625,a84041e2a18523a1,CLASS_A,019dddaa,50020.0,2.0,False,True,2.0,au915_0,"{""TempC1"": 0, ""TempC_SHT"": 12.6, ""ADC_CH0V"": 0.299, ""Digital_IStatus"": ""L"", ""EXTI_Trigger"": ""FALSE"", ""Door_status"": ""OPEN"", ""Hum_SHT"": 96.5, ""BatV"": 3.662, ""Work_mode"": ""IIC""}",Top Gate,-38.6958,143.7723,181.0,"{""site"": ""Top Gate"", ""geojson"": ""{\""type\"":\""Point\"",\""coordinates\"":[143.7723,-38.6958,181.0]}"", ""alt"": ""181.0"", ""lat"": ""-38.6958"", ""lon"": ""143.7723""}",a84041ffff26623c,-91.0,10.8,12.6,96.5,3.662,OPEN,0.299,L,IIC,0.0,12.6,96.5,,,,,,,,,,,,,,,,,,,,
6a002c0329c3f904d3911109,2026-05-10T06:56:03.681263+00:00,2026-05-10T06:56:03.921Z,1778396163921.0,application/3a8594c3-7866-4007-9786-b5ec52b2d117/device/a84041e2a18523a1/event/up,fd32cbe8-9618-4884-b0ec-a6b78ff8a6bc,ChirpStack,monitoring,LSN50v2-S31,LST25502625,a84041e2a18523a1,CLASS_A,019dddaa,50022.0,2.0,False,True,2.0,au915_0,"{""EXTI_Trigger"": ""FALSE"", ""Door_status"": ""OPEN"", ""TempC_SHT"": 12.4, ""ADC_CH0V"": 0.298, ""Hum_SHT"": 96.4, ""Digital_IStatus"": ""L"", ""BatV"": 3.657, ""Work_mode"": ""IIC"", ""TempC1"": 0}",Top Gate,-38.6958,143.7723,181.0,"{""site"": ""Top Gate"", ""geojson"": ""{\""type\"":\""Point\"",\""coordinates\"":[143.7723,-38.6958,181.0]}"", ""lon"": ""143.7723"", ""lat"": ""-38.6958"", ""alt"": ""181.0""}",a84041ffff26623c,-97.0,12.2,12.4,96.4,3.657,OPEN,0.298,L,IIC,0.0,12.4,96.4,,,,,,,,,,,,,,,,,,,,
6a0030b329c3f904d391110d,2026-05-10T07:16:03.688912+00:00,2026-05-10T07:16:03.928Z,1778397363928.0,application/3a8594c3-7866-4007-9786-b5ec52b2d117/device/a84041e2a18523a1/event/up,76d60abc-ab05-4386-90c3-60746647e472,ChirpStack,monitoring,LSN50v2-S31,LST25502625,a84041e2a18523a1,CLASS_A,019dddaa,50023.0,2.0,False,True,2.0,au915_0,"{""EXTI_Trigger"": ""FALSE"", ""TempC_SHT"": 12.2, ""Digital_IStatus"": ""L"", ""BatV"": 3.657, ""ADC_CH0V"": 0.3, ""Door_status"": ""OPEN"", ""TempC1"": 0, ""Work_mode"": ""IIC"", ""Hum_SHT"": 95.9}",Top Gate,-38.6958,143.7723,181.0,"{""geojson"": ""{\""type\"":\""Point\"",\""coordinates\"":[143.7723,-38.6958,181.0]}"", ""lat"": ""-38.6958"", ""alt"": ""181.0"", ""lon"": ""143.7723"", ""site"": ""Top Gate""}",a84041ffff26623c,-99.0,11.8,12.2,95.9,3.657,OPEN,0.3,L,IIC,0.0,12.2,95.9,,,,,,,,,,,,,,,,,,,,
69fee36f4799c2c468209167,2026-05-09T07:34:07.360991+00:00,2026-05-09T07:34:07.618Z,1778312047618.0,application/3a8594c3-7866-4007-9786-b5ec52b2d117/device/ab4041cd218523a2/event/up,7209b9c3-5413-424e-9b68-7ce970955549,ChirpStack,monitoring,LSN50v2-S31,LST25502626,ab4041cd218523a2,CLASS_A,01b972d1,49954.0,2.0,False,True,2.0,au915_0,"{""EXTI_Trigger"": ""FALSE"", ""BatV"": 3.663, ""Work_mode"": ""IIC"", ""TempC_SHT"": 12, ""Digital_IStatus"": ""L"", ""ADC_CH0V"": 0.3, ""Hum_SHT"": 92.1, ""TempC1"": 0, ""Door_status"": ""OPEN""}",Top Paddock,-38.6958,143.775,165.0,"{""lat"": ""-38.6958"", ""lon"": ""143.775"", ""site"": ""Top Paddock"", ""alt"": ""165.0"", ""geojson"": ""{\""type\"":\""Point\"",\""coordinates\"":[143.775,-38.6958,165.0]}""}",a84041ffff26623c,-86.0,0.5,12.0,92.1,3.663,OPEN,0.3,L,IIC,0.0,12.0,92.1,,,,,,,,,,,,,,,,,,,,
69fee81f4799c2c46820916a,2026-05-09T07:54:07.350555+00:00,2026-05-09T07:54:07.599Z,1778313247600.0,application/3a8594c3-7866-4007-9786-b5ec52b2d117/device/ab4041cd218523a2/event/up,d1e0e55a-d3c9-49c6-bd04-693bad5568de,ChirpStack,monitoring,LSN50v2-S31,LST25502626,ab4041cd218523a2,CLASS_A,01b972d1,49955.0,2.0,False,True,2.0,au915_0,"{""Door_status"": ""OPEN"", ""BatV"": 3.661, ""Work_mode"": ""IIC"", ""TempC1"": 0, ""Digital_IStatus"": ""L"", ""TempC_SHT"": 11.8, ""EXTI_Trigger"": ""FALSE"", ""Hum_SHT"": 93.3, ""ADC_CH0V"": 0.303}",Top Paddock,-38.6958,143.775,165.0,"{""geojson"": ""{\""type\"":\""Point\"",\""coordinates\"":[143.775,-38.6958,165.0]}"", ""lat"": ""-38.6958"", ""alt"": ""165.0"", ""site"": ""Top Paddock"", ""lon"": ""143.775""}",a84041ffff26623c,-85.0,-0.2,11.8,93.3,3.661,OPEN,0.303,L,IIC,0.0,11.8,93.3,,,,,,,,,,,,,,,,,,,,
69feeccf4799c2c46820916c,2026-05-09T08:14:07.350495+00:00,2026-05-09T08:14:07.569Z,1778314447569.0,application/3a8594c3-7866-4007-9786-b5ec52b2d117/device/ab4041cd218523a2/event/up,ec047fd3-27c4-421f-a7aa-b285639da539,ChirpStack,monitoring,LSN50v2-S31,LST25502626,ab4041cd218523a2,CLASS_A,01b972d1,49956.0,2.0,False,True,2.0,au915_0,"{""TempC_SHT"": 11.7, ""Door_status"": ""OPEN"", ""ADC_CH0V"": 0.303, ""EXTI_Trigger"": ""FALSE"", ""BatV"": 3.658, ""TempC1"": 0, ""Work_mode"": ""IIC"", ""Hum_SHT"": 94, ""Digital_IStatus"": ""L""}",Top Paddock,-38.6958,143.775,165.0,"{""geojson"": ""{\""type\"":\""Point\"",\""coordinates\"":[143.775,-38.6958,165.0]}"", ""lon"": ""143.775"", ""lat"": ""-38.6958"", ""site"": ""Top Paddock"", ""alt"": ""165.0""}",a84041ffff26623c,-83.0,9.5,11.7,94.0,3.658,OPEN,0.303,L,IIC,0.0,11.7,94.0,,,,,,,,,,,,,,,,,,,,
69fef17f4799c2c46820916f,2026-05-09T08:34:07.342380+00:00,2026-05-09T08:34:07.561Z,1778315647561.0,application/3a8594c3-7866-4007-9786-b5ec52b2d117/device/ab4041cd218523a2/event/up,a7a4eb50-a324-469b-a836-dc594b3732f9,ChirpStack,monitoring,LSN50v2-S31,LST25502626,ab4041cd218523a2,CLASS_A,01b972d1,49957.0,2.0,False,True,2.0,au915_0,"{""ADC_CH0V"": 0.303, ""Door_status"": ""OPEN"", ""BatV"": 3.661, ""Digital_IStatus"": ""L"", ""EXTI_Trigger"": ""FALSE"", ""TempC_SHT"": 10.9, ""TempC1"": 0, ""Hum_SHT"": 93.3, ""Work_mode"": ""IIC""}",Top Paddock,-38.6958,143.775,165.0,"{""geojson"": ""{\""type\"":\""Point\"",\""coordinates\"":[143.775,-38.6958,165.0]}"", ""alt"": ""165.0"", ""lat"": ""-38.6958"", ""lon"": ""143.775"", ""site"": ""Top Paddock""}",a84041ffff26623c,-73.0,,10.9,93.3,3.661,OPEN,0.303,L,IIC,0.0,10.9,93.3,,,,,,,,,,,,,,,,,,,,
69fef62f4799c2c468209172,2026-05-09T08:54:07.338142+00:00,2026-05-09T08:54:07.556Z,1778316847557.0,application/3a8594c3-7866-4007-9786-b5ec52b2d117/device/ab4041cd218523a2/event/up,e15e7cca-6588-4e66-bc15-ef92c63dac4d,ChirpStack,monitoring,LSN50v2-S31,LST25502626,ab4041cd218523a2,CLASS_A,01b972d1,49958.0,2.0,False,True,2.0,au915_0,"{""Work_mode"": ""IIC"", ""TempC1"": 0, ""ADC_CH0V"": 0.303, ""Hum_SHT"": 94.3, ""EXTI_Trigger"": ""FALSE"", ""BatV"": 3.661, ""Door_status"": ""OPEN"", ""Digital_IStatus"": ""L"", ""TempC_SHT"": 10.6}",Top Paddock,-38.6958,143.775,165.0,"{""alt"": ""165.0"", ""lat"": ""-38.6958"", ""geojson"": ""{\""type\"":\""Point\"",\""coordinates\"":[143.775,-38.6958,165.0]}"", ""site"": ""Top Paddock"", ""lon"": ""143.775""}",a84041ffff26623c,-82.0,8.2,10.6,94.3,3.661,OPEN,0.303,L,IIC,0.0,10.6,94.3,,,,,,,,,,,,,,,,,,,,
69fefadf4799c2c468209176,2026-05-09T09:14:07.328741+00:00,2026-05-09T09:14:07.552Z,1778318047552.0,application/3a8594c3-7866-4007-9786-b5ec52b2d117/device/ab4041cd218523a2/event/up,07156c49-7661-42b4-97e4-0bc7102b04d6,ChirpStack,monitoring,LSN50v2-S31,LST25502626,ab4041cd218523a2,CLASS_A,01b972d1,49959.0,2.0,False,True,2.0,au915_0,"{""Digital_IStatus"": ""L"", ""Door_status"": ""OPEN"", ""Work_mode"": ""IIC"", ""Hum_SHT"": 95.1, ""TempC1"": 0, ""EXTI_Trigger"": ""FALSE"", ""TempC_SHT"": 11, ""BatV"": 3.658, ""ADC_CH0V"": 0.303}",Top Paddock,-38.6958,143.775,165.0,"{""lon"": ""143.775"", ""geojson"": ""{\""type\"":\""Point\"",\""coordinates\"":[143.775,-38.6958,165.0]}"", ""alt"": ""165.0"", ""lat"": ""-38.6958"", ""site"": ""Top Paddock""}",a84041ffff26623c,-81.0,7.0,11.0,95.1,3.658,OPEN,0.303,L,IIC,0.0,11.0,95.1,,,,,,,,,,,,,,,,,,,,
69feff8f4799c2c468209179,2026-05-09T09:34:07.319662+00:00,2026-05-09T09:34:07.544Z,1778319247545.0,application/3a8594c3-7866-4007-9786-b5ec52b2d117/device/ab4041cd218523a2/event/up,f53b4608-dedd-4d2b-a64b-dc8ab506aa2b,ChirpStack,monitoring,LSN50v2-S31,LST25502626,ab4041cd218523a2,CLASS_A,01b972d1,49960.0,2.0,False,True,2.0,au915_0,"{""Work_mode"": ""IIC"", ""ADC_CH0V"": 0.303, ""TempC_SHT"": 10.7, ""BatV"": 3.658, ""EXTI_Trigger"": ""FALSE"", ""Digital_IStatus"": ""L"", ""Door_status"": ""OPEN"", ""TempC1"": 0, ""Hum_SHT"": 94.3}",Top Paddock,-38.6958,143.775,165.0,"{""lon"": ""143.775"", ""geojson"": ""{\""type\"":\""Point\"",\""coordinates\"":[143.775,-38.6958,165.0]}"", ""alt"": ""165.0"", ""lat"": ""-38.6958"", ""site"": ""Top Paddock""}",a84041ffff26623c,-84.0,7.5,10.7,94.3,3.658,OPEN,0.303,L,IIC,0.0,10.7,94.3,,,,,,,,,,,,,,,,,,,,
69ff043f4799c2c46820917c,2026-05-09T09:54:07.311338+00:00,2026-05-09T09:54:07.536Z,1778320447536.0,application/3a8594c3-7866-4007-9786-b5ec52b2d117/device/ab4041cd218523a2/event/up,97f35148-ae58-4ca9-8342-a375b8a7faac,ChirpStack,monitoring,LSN50v2-S31,LST25502626,ab4041cd218523a2,CLASS_A,01b972d1,49961.0,2.0,False,True,2.0,au915_0,"{""EXTI_Trigger"": ""FALSE"", ""Digital_IStatus"": ""L"", ""TempC1"": 0, ""BatV"": 3.661, ""Work_mode"": ""IIC"", ""ADC_CH0V"": 0.303, ""Hum_SHT"": 95.2, ""Door_status"": ""OPEN"", ""TempC_SHT"": 11.5}",Top Paddock,-38.6958,143.775,165.0,"{""alt"": ""165.0"", ""site"": ""Top Paddock"", ""lat"": ""-38.6958"", ""geojson"": ""{\""type\"":\""Point\"",\""coordinates\"":[143.775,-38.6958,165.0]}"", ""lon"": ""143.775""}",a84041ffff26623c,-79.0,4.8,11.5,95.2,3.661,OPEN,0.303,L,IIC,0.0,11.5,95.2,,,,,,,,,,,,,,,,,,,,
69ff0d9f4799c2c468209182,2026-05-09T10:34:07.302951+00:00,2026-05-09T10:34:07.568Z,1778322847568.0,application/3a8594c3-7866-4007-9786-b5ec52b2d117/device/ab4041cd218523a2/event/up,bc76e15c-09fc-495c-88c5-35e594afb8a7,ChirpStack,monitoring,LSN50v2-S31,LST25502626,ab4041cd218523a2,CLASS_A,01b972d1,49963.0,2.0,False,True,2.0,au915_0,"{""Digital_IStatus"": ""L"", ""ADC_CH0V"": 0.303, ""BatV"": 3.661, ""Door_status"": ""OPEN"", ""TempC_SHT"": 11.9, ""Hum_SHT"": 93.9, ""EXTI_Trigger"": ""FALSE"", ""TempC1"": 0, ""Work_mode"": ""IIC""}",Top Paddock,-38.6958,143.775,165.0,"{""alt"": ""165.0"", ""site"": ""Top Paddock"", ""lat"": ""-38.6958"", ""geojson"": ""{\""type\"":\""Point\"",\""coordinates\"":[143.775,-38.6958,165.0]}"", ""lon"": ""143.775""}",a84041ffff26623c,-78.0,8.0,11.9,93.9,3.661,OPEN,0.303,L,IIC,0.0,11.9,93.9,,,,,,,,,,,,,,,,,,,,
69ff124f4799c2c468209185,2026-05-09T10:54:07.288441+00:00,2026-05-09T10:54:07.528Z,1778324047528.0,application/3a8594c3-7866-4007-9786-b5ec52b2d117/device/ab4041cd218523a2/event/up,7f954f15-baba-4cab-b746-a9f7c2dcf771,ChirpStack,monitoring,LSN50v2-S31,LST25502626,ab4041cd218523a2,CLASS_A,01b972d1,49964.0,2.0,False,True,2.0,au915_0,"{""Door_status"": ""OPEN"", ""Work_mode"": ""IIC"", ""Digital_IStatus"": ""L"", ""Hum_SHT"": 94, ""ADC_CH0V"": 0.303, ""TempC_SHT"": 11.9, ""EXTI_Trigger"": ""FALSE"", ""BatV"": 3.661, ""TempC1"": 0}",Top Paddock,-38.6958,143.775,165.0,"{""alt"": ""165.0"", ""site"": ""Top Paddock"", ""lon"": ""143.775"", ""geojson"": ""{\""type\"":\""Point\"",\""coordinates\"":[143.775,-38.6958,165.0]}"", ""lat"": ""-38.6958""}",a84041ffff26623c,-83.0,9.5,11.9,94.0,3.661,OPEN,0.303,L,IIC,0.0,11.9,94.0,,,,,,,,,,,,,,,,,,,,
69ff16ff4799c2c468209189,2026-05-09T11:14:07.282332+00:00,2026-05-09T11:14:07.510Z,1778325247510.0,application/3a8594c3-7866-4007-9786-b5ec52b2d117/device/ab4041cd218523a2/event/up,7dc646bf-ea79-41a2-b8e8-627e54315eef,ChirpStack,monitoring,LSN50v2-S31,LST25502626,ab4041cd218523a2,CLASS_A,01b972d1,49965.0,2.0,False,True,2.0,au915_0,"{""ADC_CH0V"": 0.303, ""BatV"": 3.661, ""Digital_IStatus"": ""L"", ""Work_mode"": ""IIC"", ""EXTI_Trigger"": ""FALSE"", ""TempC_SHT"": 11.9, ""Hum_SHT"": 93.7, ""TempC1"": 0, ""Door_status"": ""OPEN""}",Top Paddock,-38.6958,143.775,165.0,"{""geojson"": ""{\""type\"":\""Point\"",\""coordinates\"":[143.775,-38.6958,165.0]}"", ""alt"": ""165.0"", ""site"": ""Top Paddock"", ""lon"": ""143.775"", ""lat"": ""-38.6958""}",a84041ffff26623c,-82.0,7.0,11.9,93.7,3.661,OPEN,0.303,L,IIC,0.0,11.9,93.7,,,,,,,,,,,,,,,,,,,,
69ff1baf4799c2c46820918b,2026-05-09T11:34:07.269206+00:00,2026-05-09T11:34:07.501Z,1778326447501.0,application/3a8594c3-7866-4007-9786-b5ec52b2d117/device/ab4041cd218523a2/event/up,8a3eed60-a7bc-423b-9ac9-d8a63d2ae02c,ChirpStack,monitoring,LSN50v2-S31,LST25502626,ab4041cd218523a2,CLASS_A,01b972d1,49966.0,2.0,False,True,2.0,au915_0,"{""EXTI_Trigger"": ""FALSE"", ""Work_mode"": ""IIC"", ""Hum_SHT"": 93.4, ""TempC_SHT"": 11.9, ""Door_status"": ""OPEN"", ""TempC1"": 0, ""BatV"": 3.658, ""Digital_IStatus"": ""L"", ""ADC_CH0V"": 0.303}",Top Paddock,-38.6958,143.775,165.0,"{""lat"": ""-38.6958"", ""lon"": ""143.775"", ""geojson"": ""{\""type\"":\""Point\"",\""coordinates\"":[143.775,-38.6958,165.0]}"", ""alt"": ""165.0"", ""site"": ""Top Paddock""}",a84041ffff26623c,-83.0,10.0,11.9,93.4,3.658,OPEN,0.303,L,IIC,0.0,11.9,93.4,,,,,,,,,,,,,,,,,,,,
69ff205f4799c2c46820918f,2026-05-09T11:54:07.264029+00:00,2026-05-09T11:54:07.493Z,1778327647493.0,application/3a8594c3-7866-4007-9786-b5ec52b2d117/device/ab4041cd218523a2/event/up,a6daab6a-694e-4dd4-acd1-f2742a8d44be,ChirpStack,monitoring,LSN50v2-S31,LST25502626,ab4041cd218523a2,CLASS_A,01b972d1,49967.0,2.0,False,True,2.0,au915_0,"{""Door_status"": ""OPEN"", ""EXTI_Trigger"": ""FALSE"", ""TempC_SHT"": 11.9, ""TempC1"": 0, ""ADC_CH0V"": 0.303, ""BatV"": 3.658, ""Digital_IStatus"": ""L"", ""Hum_SHT"": 93.5, ""Work_mode"": ""IIC""}",Top Paddock,-38.6958,143.775,165.0,"{""lon"": ""143.775"", ""geojson"": ""{\""type\"":\""Point\"",\""coordinates\"":[143.775,-38.6958,165.0]}"", ""alt"": ""165.0"", ""lat"": ""-38.6958"", ""site"": ""Top Paddock""}",a84041ffff26623c,-78.0,8.8,11.9,93.5,3.658,OPEN,0.303,L,IIC,0.0,11.9,93.5,,,,,,,,,,,,,,,,,,,,
69ff250f4799c2c468209193,2026-05-09T12:14:07.262332+00:00,2026-05-09T12:14:07.491Z,1778328847491.0,application/3a8594c3-7866-4007-9786-b5ec52b2d117/device/ab4041cd218523a2/event/up,9ceb89fc-a3ef-44b9-875e-f1a6b314b2a8,ChirpStack,monitoring,LSN50v2-S31,LST25502626,ab4041cd218523a2,CLASS_A,01b972d1,49968.0,2.0,False,True,2.0,au915_0,"{""Door_status"": ""OPEN"", ""ADC_CH0V"": 0.303, ""Hum_SHT"": 93.7, ""TempC1"": 0, ""Digital_IStatus"": ""L"", ""Work_mode"": ""IIC"", ""TempC_SHT"": 12, ""BatV"": 3.658, ""EXTI_Trigger"": ""FALSE""}",Top Paddock,-38.6958,143.775,165.0,"{""site"": ""Top Paddock"", ""alt"": ""165.0"", ""geojson"": ""{\""type\"":\""Point\"",\""coordinates\"":[143.775,-38.6958,165.0]}"", ""lon"": ""143.775"", ""lat"": ""-38.6958""}",a84041ffff26623c,-82.0,14.0,12.0,93.7,3.658,OPEN,0.303,L,IIC,0.0,12.0,93.7,,,,,,,,,,,,,,,,,,,,
69ff29bf4799c2c468209195,2026-05-09T12:34:07.255949+00:00,2026-05-09T12:34:07.509Z,1778330047510.0,application/3a8594c3-7866-4007-9786-b5ec52b2d117/device/ab4041cd218523a2/event/up,c9e61971-ddd4-458c-a883-35d872324d7c,ChirpStack,monitoring,LSN50v2-S31,LST25502626,ab4041cd218523a2,CLASS_A,01b972d1,49969.0,2.0,False,True,2.0,au915_0,"{""EXTI_Trigger"": ""FALSE"", ""Door_status"": ""OPEN"", ""Work_mode"": ""IIC"", ""TempC1"": 0, ""BatV"": 3.661, ""Digital_IStatus"": ""L"", ""TempC_SHT"": 11.9, ""Hum_SHT"": 94.2, ""ADC_CH0V"": 0.303}",Top Paddock,-38.6958,143.775,165.0,"{""lat"": ""-38.6958"", ""geojson"": ""{\""type\"":\""Point\"",\""coordinates\"":[143.775,-38.6958,165.0]}"", ""alt"": ""165.0"", ""site"": ""Top Paddock"", ""lon"": ""143.775""}",a84041ffff26623c,-78.0,13.8,11.9,94.2,3.661,OPEN,0.303,L,IIC,0.0,11.9,94.2,,,,,,,,,,,,,,,,,,,,
69ff2e6f4799c2c468209198,2026-05-09T12:54:07.247707+00:00,2026-05-09T12:54:07.524Z,1778331247525.0,application/3a8594c3-7866-4007-9786-b5ec52b2d117/device/ab4041cd218523a2/event/up,e01f7aa8-28a8-4689-8c02-7b5ccde7c25a,ChirpStack,monitoring,LSN50v2-S31,LST25502626,ab4041cd218523a2,CLASS_A,01b972d1,49970.0,2.0,False,True,2.0,au915_0,"{""EXTI_Trigger"": ""FALSE"", ""TempC_SHT"": 11.8, ""Door_status"": ""OPEN"", ""TempC1"": 0, ""Hum_SHT"": 95.3, ""Digital_IStatus"": ""L"", ""ADC_CH0V"": 0.303, ""BatV"": 3.658, ""Work_mode"": ""IIC""}",Top Paddock,-38.6958,143.775,165.0,"{""alt"": ""165.0"", ""geojson"": ""{\""type\"":\""Point\"",\""coordinates\"":[143.775,-38.6958,165.0]}"", ""lon"": ""143.775"", ""site"": ""Top Paddock"", ""lat"": ""-38.6958""}",a84041ffff26623c,-77.0,13.0,11.8,95.3,3.658,OPEN,0.303,L,IIC,0.0,11.8,95.3,,,,,,,,,,,,,,,,,,,,
69ff331f4799c2c46820919b,2026-05-09T13:14:07.230700+00:00,2026-05-09T13:14:07.471Z,1778332447471.0,application/3a8594c3-7866-4007-9786-b5ec52b2d117/device/ab4041cd218523a2/event/up,765369c0-2b69-4202-b1d6-84f95b8f81c1,ChirpStack,monitoring,LSN50v2-S31,LST25502626,ab4041cd218523a2,CLASS_A,01b972d1,49971.0,2.0,False,True,2.0,au915_0,"{""ADC_CH0V"": 0.303, ""TempC_SHT"": 11.9, ""BatV"": 3.661, ""TempC1"": 0, ""EXTI_Trigger"": ""FALSE"", ""Digital_IStatus"": ""L"", ""Door_status"": ""OPEN"", ""Hum_SHT"": 96.1, ""Work_mode"": ""IIC""}",Top Paddock,-38.6958,143.775,165.0,"{""site"": ""Top Paddock"", ""lon"": ""143.775"", ""alt"": ""165.0"", ""geojson"": ""{\""type\"":\""Point\"",\""coordinates\"":[143.775,-38.6958,165.0]}"", ""lat"": ""-38.6958""}",a84041ffff26623c,-78.0,13.2,11.9,96.1,3.661,OPEN,0.303,L,IIC,0.0,11.9,96.1,,,,,,,,,,,,,,,,,,,,
69ff37cf4799c2c46820919e,2026-05-09T13:34:07.229843+00:00,2026-05-09T13:34:07.467Z,1778333647467.0,application/3a8594c3-7866-4007-9786-b5ec52b2d117/device/ab4041cd218523a2/event/up,8acfa091-69ee-45df-8cb4-e3d88268d410,ChirpStack,monitoring,LSN50v2-S31,LST25502626,ab4041cd218523a2,CLASS_A,01b972d1,49972.0,2.0,False,True,2.0,au915_0,"{""ADC_CH0V"": 0.303, ""BatV"": 3.661, ""Hum_SHT"": 96.7, ""TempC_SHT"": 11.8, ""TempC1"": 0, ""Work_mode"": ""IIC"", ""Door_status"": ""OPEN"", ""Digital_IStatus"": ""L"", ""EXTI_Trigger"": ""FALSE""}",Top Paddock,-38.6958,143.775,165.0,"{""site"": ""Top Paddock"", ""lon"": ""143.775"", ""alt"": ""165.0"", ""lat"": ""-38.6958"", ""geojson"": ""{\""type\"":\""Point\"",\""coordinates\"":[143.775,-38.6958,165.0]}""}",a84041ffff26623c,-82.0,13.5,11.8,96.7,3.661,OPEN,0.303,L,IIC,0.0,11.8,96.7,,,,,,,,,,,,,,,,,,,,
69ff3c7f4799c2c4682091a1,2026-05-09T13:54:07.218638+00:00,2026-05-09T13:54:07.471Z,1778334847471.0,application/3a8594c3-7866-4007-9786-b5ec52b2d117/device/ab4041cd218523a2/event/up,725bebaf-33fc-408e-820e-d3b4f195c2b1,ChirpStack,monitoring,LSN50v2-S31,LST25502626,ab4041cd218523a2,CLASS_A,01b972d1,49973.0,2.0,False,True,2.0,au915_0,"{""Door_status"": ""OPEN"", ""TempC1"": 0, ""EXTI_Trigger"": ""FALSE"", ""BatV"": 3.661, ""ADC_CH0V"": 0.302, ""Work_mode"": ""IIC"", ""TempC_SHT"": 11.8, ""Hum_SHT"": 97.2, ""Digital_IStatus"": ""L""}",Top Paddock,-38.6958,143.775,165.0,"{""alt"": ""165.0"", ""lat"": ""-38.6958"", ""geojson"": ""{\""type\"":\""Point\"",\""coordinates\"":[143.775,-38.6958,165.0]}"", ""lon"": ""143.775"", ""site"": ""Top Paddock""}",a84041ffff26623c,-82.0,13.2,11.8,97.2,3.661,OPEN,0.302,L,IIC,0.0,11.8,97.2,,,,,,,,,,,,,,,,,,,,
69ff412f4799c2c4682091a5,2026-05-09T14:14:07.213505+00:00,2026-05-09T14:14:07.455Z,1778336047455.0,application/3a8594c3-7866-4007-9786-b5ec52b2d117/device/ab4041cd218523a2/event/up,79bdf7b7-39e9-43b1-8ed5-d848f905a341,ChirpStack,monitoring,LSN50v2-S31,LST25502626,ab4041cd218523a2,CLASS_A,01b972d1,49974.0,2.0,False,True,2.0,au915_0,"{""EXTI_Trigger"": ""FALSE"", ""ADC_CH0V"": 0.303, ""Work_mode"": ""IIC"", ""TempC_SHT"": 11.6, ""Door_status"": ""OPEN"", ""TempC1"": 0, ""Hum_SHT"": 97.2, ""BatV"": 3.661, ""Digital_IStatus"": ""L""}",Top Paddock,-38.6958,143.775,165.0,"{""alt"": ""165.0"", ""lon"": ""143.775"", ""geojson"": ""{\""type\"":\""Point\"",\""coordinates\"":[143.775,-38.6958,165.0]}"", ""site"": ""Top Paddock"", ""lat"": ""-38.6958""}",a84041ffff26623c,-83.0,12.8,11.6,97.2,3.661,OPEN,0.303,L,IIC,0.0,11.6,97.2,,,,,,,,,,,,,,,,,,,,
69ff45df4799c2c4682091a8,2026-05-09T14:34:07.209485+00:00,2026-05-09T14:34:07.441Z,1778337247441.0,application/3a8594c3-7866-4007-9786-b5ec52b2d117/device/ab4041cd218523a2/event/up,94706910-c444-4c12-b9f6-cbe5b1111797,ChirpStack,monitoring,LSN50v2-S31,LST25502626,ab4041cd218523a2,CLASS_A,01b972d1,49975.0,2.0,False,True,2.0,au915_0,"{""Hum_SHT"": 97.6, ""ADC_CH0V"": 0.303, ""Door_status"": ""OPEN"", ""BatV"": 3.661, ""Work_mode"": ""IIC"", ""TempC1"": 0, ""Digital_IStatus"": ""L"", ""EXTI_Trigger"": ""FALSE"", ""TempC_SHT"": 11.8}",Top Paddock,-38.6958,143.775,165.0,"{""site"": ""Top Paddock"", ""lat"": ""-38.6958"", ""lon"": ""143.775"", ""alt"": ""165.0"", ""geojson"": ""{\""type\"":\""Point\"",\""coordinates\"":[143.775,-38.6958,165.0]}""}",a84041ffff26623c,-77.0,13.0,11.8,97.6,3.661,OPEN,0.303,L,IIC,0.0,11.8,97.6,,,,,,,,,,,,,,,,,,,,
69ff4a8f4799c2c4682091ac,2026-05-09T14:54:07.195526+00:00,2026-05-09T14:54:07.460Z,1778338447460.0,application/3a8594c3-7866-4007-9786-b5ec52b2d117/device/ab4041cd218523a2/event/up,a0643641-b4e7-4f98-a85f-7bb6d59e260a,ChirpStack,monitoring,LSN50v2-S31,LST25502626,ab4041cd218523a2,CLASS_A,01b972d1,49976.0,2.0,False,True,2.0,au915_0,"{""Work_mode"": ""IIC"", ""Hum_SHT"": 97.5, ""Door_status"": ""OPEN"", ""TempC1"": 0, ""TempC_SHT"": 11.7, ""EXTI_Trigger"": ""FALSE"", ""ADC_CH0V"": 0.302, ""Digital_IStatus"": ""L"", ""BatV"": 3.661}",Top Paddock,-38.6958,143.775,165.0,"{""geojson"": ""{\""type\"":\""Point\"",\""coordinates\"":[143.775,-38.6958,165.0]}"", ""alt"": ""165.0"", ""site"": ""Top Paddock"", ""lat"": ""-38.6958"", ""lon"": ""143.775""}",a84041ffff26623c,-83.0,13.0,11.7,97.5,3.661,OPEN,0.302,L,IIC,0.0,11.7,97.5,,,,,,,,,,,,,,,,,,,,
69ff4f3f4799c2c4682091af,2026-05-09T15:14:07.185564+00:00,2026-05-09T15:14:07.467Z,1778339647467.0,application/3a8594c3-7866-4007-9786-b5ec52b2d117/device/ab4041cd218523a2/event/up,ff4110eb-2cbc-40a5-bc2f-b98560b42a0d,ChirpStack,monitoring,LSN50v2-S31,LST25502626,ab4041cd218523a2,CLASS_A,01b972d1,49977.0,2.0,False,True,2.0,au915_0,"{""Work_mode"": ""IIC"", ""Hum_SHT"": 97.3, ""Door_status"": ""OPEN"", ""TempC1"": 0, ""BatV"": 3.658, ""ADC_CH0V"": 0.303, ""Digital_IStatus"": ""L"", ""EXTI_Trigger"": ""FALSE"", ""TempC_SHT"": 11.7}",Top Paddock,-38.6958,143.775,165.0,"{""site"": ""Top Paddock"", ""lat"": ""-38.6958"", ""lon"": ""143.775"", ""alt"": ""165.0"", ""geojson"": ""{\""type\"":\""Point\"",\""coordinates\"":[143.775,-38.6958,165.0]}""}",a84041ffff26623c,-78.0,9.5,11.7,97.3,3.658,OPEN,0.303,L,IIC,0.0,11.7,97.3,,,,,,,,,,,,,,,,,,,,
69ff53ef4799c2c4682091b1,2026-05-09T15:34:07.181850+00:00,2026-05-09T15:34:07.454Z,1778340847454.0,application/3a8594c3-7866-4007-9786-b5ec52b2d117/device/ab4041cd218523a2/event/up,807baf95-861d-4f0d-a128-0c2789b353c3,ChirpStack,monitoring,LSN50v2-S31,LST25502626,ab4041cd218523a2,CLASS_A,01b972d1,49978.0,2.0,False,True,2.0,au915_0,"{""TempC_SHT"": 11.6, ""Digital_IStatus"": ""L"", ""Hum_SHT"": 97, ""Work_mode"": ""IIC"", ""TempC1"": 0, ""BatV"": 3.661, ""EXTI_Trigger"": ""FALSE"", ""Door_status"": ""OPEN"", ""ADC_CH0V"": 0.303}",Top Paddock,-38.6958,143.775,165.0,"{""alt"": ""165.0"", ""site"": ""Top Paddock"", ""geojson"": ""{\""type\"":\""Point\"",\""coordinates\"":[143.775,-38.6958,165.0]}"", ""lon"": ""143.775"", ""lat"": ""-38.6958""}",a84041ffff26623c,-77.0,12.8,11.6,97.0,3.661,OPEN,0.303,L,IIC,0.0,11.6,97.0,,,,,,,,,,,,,,,,,,,,
69ff589f4799c2c4682091b6,2026-05-09T15:54:07.171906+00:00,2026-05-09T15:54:07.435Z,1778342047435.0,application/3a8594c3-7866-4007-9786-b5ec52b2d117/device/ab4041cd218523a2/event/up,f89b4ca0-4916-40dc-a98d-78118d49ed9f,ChirpStack,monitoring,LSN50v2-S31,LST25502626,ab4041cd218523a2,CLASS_A,01b972d1,49979.0,2.0,False,True,2.0,au915_0,"{""ADC_CH0V"": 0.303, ""Work_mode"": ""IIC"", ""EXTI_Trigger"": ""FALSE"", ""Digital_IStatus"": ""L"", ""Door_status"": ""OPEN"", ""BatV"": 3.658, ""Hum_SHT"": 96.9, ""TempC_SHT"": 11.7, ""TempC1"": 0}",Top Paddock,-38.6958,143.775,165.0,"{""lon"": ""143.775"", ""lat"": ""-38.6958"", ""geojson"": ""{\""type\"":\""Point\"",\""coordinates\"":[143.775,-38.6958,165.0]}"", ""site"": ""Top Paddock"", ""alt"": ""165.0""}",a84041ffff26623c,-77.0,13.0,11.7,96.9,3.658,OPEN,0.303,L,IIC,0.0,11.7,96.9,,,,,,,,,,,,,,,,,,,,
69ff5d4f4799c2c4682091b9,2026-05-09T16:14:07.173046+00:00,2026-05-09T16:14:07.434Z,1778343247435.0,application/3a8594c3-7866-4007-9786-b5ec52b2d117/device/ab4041cd218523a2/event/up,9656d5d8-6cf5-4fe9-b176-49ddb46c66d1,ChirpStack,monitoring,LSN50v2-S31,LST25502626,ab4041cd218523a2,CLASS_A,01b972d1,49980.0,2.0,False,True,2.0,au915_0,"{""TempC1"": 0, ""TempC_SHT"": 11.7, ""Hum_SHT"": 96.9, ""Digital_IStatus"": ""L"", ""EXTI_Trigger"": ""FALSE"", ""Work_mode"": ""IIC"", ""ADC_CH0V"": 0.302, ""BatV"": 3.658, ""Door_status"": ""OPEN""}",Top Paddock,-38.6958,143.775,165.0,"{""geojson"": ""{\""type\"":\""Point\"",\""coordinates\"":[143.775,-38.6958,165.0]}"", ""lat"": ""-38.6958"", ""site"": ""Top Paddock"", ""lon"": ""143.775"", ""alt"": ""165.0""}",a84041ffff26623c,-76.0,13.2,11.7,96.9,3.658,OPEN,0.302,L,IIC,0.0,11.7,96.9,,,,,,,,,,,,,,,,,,,,
69ff61ff4799c2c4682091bb,2026-05-09T16:34:07.156895+00:00,2026-05-09T16:34:07.418Z,1778344447418.0,application/3a8594c3-7866-4007-9786-b5ec52b2d117/device/ab4041cd218523a2/event/up,e560908d-3b3c-4aaa-91dd-c19a8c5bfd4b,ChirpStack,monitoring,LSN50v2-S31,LST25502626,ab4041cd218523a2,CLASS_A,01b972d1,49981.0,2.0,False,True,2.0,au915_0,"{""ADC_CH0V"": 0.303, ""EXTI_Trigger"": ""FALSE"", ""Hum_SHT"": 96.9, ""Door_status"": ""OPEN"", ""Digital_IStatus"": ""L"", ""TempC_SHT"": 11.7, ""TempC1"": 0, ""Work_mode"": ""IIC"", ""BatV"": 3.658}",Top Paddock,-38.6958,143.775,165.0,"{""site"": ""Top Paddock"", ""alt"": ""165.0"", ""lon"": ""143.775"", ""lat"": ""-38.6958"", ""geojson"": ""{\""type\"":\""Point\"",\""coordinates\"":[143.775,-38.6958,165.0]}""}",a84041ffff26623c,-77.0,14.2,11.7,96.9,3.658,OPEN,0.303,L,IIC,0.0,11.7,96.9,,,,,,,,,,,,,,,,,,,,
69ff66af4799c2c4682091bf,2026-05-09T16:54:07.150569+00:00,2026-05-09T16:54:07.413Z,1778345647413.0,application/3a8594c3-7866-4007-9786-b5ec52b2d117/device/ab4041cd218523a2/event/up,644946e7-81f0-4370-9e3c-0873ca8e7e84,ChirpStack,monitoring,LSN50v2-S31,LST25502626,ab4041cd218523a2,CLASS_A,01b972d1,49982.0,2.0,False,True,2.0,au915_0,"{""ADC_CH0V"": 0.303, ""Hum_SHT"": 96.8, ""EXTI_Trigger"": ""FALSE"", ""TempC1"": 0, ""BatV"": 3.661, ""Digital_IStatus"": ""L"", ""Door_status"": ""OPEN"", ""Work_mode"": ""IIC"", ""TempC_SHT"": 11.7}",Top Paddock,-38.6958,143.775,165.0,"{""alt"": ""165.0"", ""lat"": ""-38.6958"", ""geojson"": ""{\""type\"":\""Point\"",\""coordinates\"":[143.775,-38.6958,165.0]}"", ""lon"": ""143.775"", ""site"": ""Top Paddock""}",a84041ffff26623c,-76.0,13.0,11.7,96.8,3.661,OPEN,0.303,L,IIC,0.0,11.7,96.8,,,,,,,,,,,,,,,,,,,,
69ff6b5f4799c2c4682091c4,2026-05-09T17:14:07.144949+00:00,2026-05-09T17:14:07.404Z,1778346847404.0,application/3a8594c3-7866-4007-9786-b5ec52b2d117/device/ab4041cd218523a2/event/up,f0dec302-dc07-4671-bc3e-471ffc53f00b,ChirpStack,monitoring,LSN50v2-S31,LST25502626,ab4041cd218523a2,CLASS_A,01b972d1,49983.0,2.0,False,True,2.0,au915_0,"{""Digital_IStatus"": ""L"", ""Work_mode"": ""IIC"", ""BatV"": 3.661, ""Door_status"": ""OPEN"", ""TempC1"": 0, ""ADC_CH0V"": 0.304, ""EXTI_Trigger"": ""FALSE"", ""Hum_SHT"": 97, ""TempC_SHT"": 11.7}",Top Paddock,-38.6958,143.775,165.0,"{""site"": ""Top Paddock"", ""alt"": ""165.0"", ""lon"": ""143.775"", ""lat"": ""-38.6958"", ""geojson"": ""{\""type\"":\""Point\"",\""coordinates\"":[143.775,-38.6958,165.0]}""}",a84041ffff26623c,-81.0,14.0,11.7,97.0,3.661,OPEN,0.304,L,IIC,0.0,11.7,97.0,,,,,,,,,,,,,,,,,,,,
69ff700f4799c2c4682091c7,2026-05-09T17:34:07.142883+00:00,2026-05-09T17:34:07.401Z,1778348047402.0,application/3a8594c3-7866-4007-9786-b5ec52b2d117/device/ab4041cd218523a2/event/up,fe9f550b-41a4-481a-901f-d8b83ed0cf37,ChirpStack,monitoring,LSN50v2-S31,LST25502626,ab4041cd218523a2,CLASS_A,01b972d1,49984.0,2.0,False,True,2.0,au915_0,"{""TempC1"": 0, ""EXTI_Trigger"": ""FALSE"", ""Door_status"": ""OPEN"", ""Digital_IStatus"": ""L"", ""Work_mode"": ""IIC"", ""Hum_SHT"": 97.3, ""BatV"": 3.658, ""ADC_CH0V"": 0.302, ""TempC_SHT"": 11.8}",Top Paddock,-38.6958,143.775,165.0,"{""geojson"": ""{\""type\"":\""Point\"",\""coordinates\"":[143.775,-38.6958,165.0]}"", ""lon"": ""143.775"", ""alt"": ""165.0"", ""lat"": ""-38.6958"", ""site"": ""Top Paddock""}",a84041ffff26623c,-78.0,9.2,11.8,97.3,3.658,OPEN,0.302,L,IIC,0.0,11.8,97.3,,,,,,,,,,,,,,,,,,,,
69ff74bf4799c2c4682091ce,2026-05-09T17:54:07.131076+00:00,2026-05-09T17:54:07.393Z,1778349247393.0,application/3a8594c3-7866-4007-9786-b5ec52b2d117/device/ab4041cd218523a2/event/up,7b658782-3270-4881-a19e-e73e86eb583d,ChirpStack,monitoring,LSN50v2-S31,LST25502626,ab4041cd218523a2,CLASS_A,01b972d1,49985.0,2.0,False,True,2.0,au915_0,"{""ADC_CH0V"": 0.303, ""Digital_IStatus"": ""L"", ""EXTI_Trigger"": ""FALSE"", ""Door_status"": ""OPEN"", ""BatV"": 3.661, ""TempC_SHT"": 11.6, ""TempC1"": 0, ""Hum_SHT"": 96.6, ""Work_mode"": ""IIC""}",Top Paddock,-38.6958,143.775,165.0,"{""site"": ""Top Paddock"", ""geojson"": ""{\""type\"":\""Point\"",\""coordinates\"":[143.775,-38.6958,165.0]}"", ""lat"": ""-38.6958"", ""alt"": ""165.0"", ""lon"": ""143.775""}",a84041ffff26623c,-81.0,14.2,11.6,96.6,3.661,OPEN,0.303,L,IIC,0.0,11.6,96.6,,,,,,,,,,,,,,,,,,,,
69ff796f4799c2c4682091d2,2026-05-09T18:14:07.125499+00:00,2026-05-09T18:14:07.371Z,1778350447371.0,application/3a8594c3-7866-4007-9786-b5ec52b2d117/device/ab4041cd218523a2/event/up,9f0c0eec-56db-4ee2-96b0-53fbfe8c9197,ChirpStack,monitoring,LSN50v2-S31,LST25502626,ab4041cd218523a2,CLASS_A,01b972d1,49986.0,2.0,False,True,2.0,au915_0,"{""EXTI_Trigger"": ""FALSE"", ""BatV"": 3.661, ""TempC1"": 0, ""Door_status"": ""OPEN"", ""TempC_SHT"": 10.8, ""ADC_CH0V"": 0.303, ""Work_mode"": ""IIC"", ""Digital_IStatus"": ""L"", ""Hum_SHT"": 96.1}",Top Paddock,-38.6958,143.775,165.0,"{""lon"": ""143.775"", ""lat"": ""-38.6958"", ""site"": ""Top Paddock"", ""alt"": ""165.0"", ""geojson"": ""{\""type\"":\""Point\"",\""coordinates\"":[143.775,-38.6958,165.0]}""}",a84041ffff26623c,-82.0,13.8,10.8,96.1,3.661,OPEN,0.303,L,IIC,0.0,10.8,96.1,,,,,,,,,,,,,,,,,,,,
69ff7e1f4799c2c4682091d4,2026-05-09T18:34:07.121242+00:00,2026-05-09T18:34:07.346Z,1778351647346.0,application/3a8594c3-7866-4007-9786-b5ec52b2d117/device/ab4041cd218523a2/event/up,604871b9-affd-4d12-b712-dff33bb772f5,ChirpStack,monitoring,LSN50v2-S31,LST25502626,ab4041cd218523a2,CLASS_A,01b972d1,49987.0,2.0,False,True,2.0,au915_0,"{""Work_mode"": ""IIC"", ""BatV"": 3.658, ""TempC1"": 0, ""EXTI_Trigger"": ""FALSE"", ""ADC_CH0V"": 0.304, ""Digital_IStatus"": ""L"", ""Door_status"": ""OPEN"", ""TempC_SHT"": 10.1, ""Hum_SHT"": 96.2}",Top Paddock,-38.6958,143.775,165.0,"{""alt"": ""165.0"", ""site"": ""Top Paddock"", ""lon"": ""143.775"", ""geojson"": ""{\""type\"":\""Point\"",\""coordinates\"":[143.775,-38.6958,165.0]}"", ""lat"": ""-38.6958""}",a84041ffff26623c,-82.0,13.8,10.1,96.2,3.658,OPEN,0.304,L,IIC,0.0,10.1,96.2,,,,,,,,,,,,,,,,,,,,
69ff82cf4799c2c4682091d8,2026-05-09T18:54:07.113711+00:00,2026-05-09T18:54:07.330Z,1778352847330.0,application/3a8594c3-7866-4007-9786-b5ec52b2d117/device/ab4041cd218523a2/event/up,35e4feab-177a-47c1-bec0-9b89c33cc405,ChirpStack,monitoring,LSN50v2-S31,LST25502626,ab4041cd218523a2,CLASS_A,01b972d1,49988.0,2.0,False,True,2.0,au915_0,"{""Door_status"": ""OPEN"", ""ADC_CH0V"": 0.305, ""TempC_SHT"": 9.5, ""EXTI_Trigger"": ""FALSE"", ""Hum_SHT"": 96.6, ""BatV"": 3.661, ""TempC1"": 0, ""Work_mode"": ""IIC"", ""Digital_IStatus"": ""L""}",Top Paddock,-38.6958,143.775,165.0,"{""alt"": ""165.0"", ""site"": ""Top Paddock"", ""geojson"": ""{\""type\"":\""Point\"",\""coordinates\"":[143.775,-38.6958,165.0]}"", ""lat"": ""-38.6958"", ""lon"": ""143.775""}",a84041ffff26623c,-77.0,13.0,9.5,96.6,3.661,OPEN,0.305,L,IIC,0.0,9.5,96.6,,,,,,,,,,,,,,,,,,,,
69ff877f4799c2c4682091dc,2026-05-09T19:14:07.109340+00:00,2026-05-09T19:14:07.316Z,1778354047316.0,application/3a8594c3-7866-4007-9786-b5ec52b2d117/device/ab4041cd218523a2/event/up,9de98f35-8328-48d7-b1e9-dea24f6ce54f,ChirpStack,monitoring,LSN50v2-S31,LST25502626,ab4041cd218523a2,CLASS_A,01b972d1,49989.0,2.0,False,True,2.0,au915_0,"{""Digital_IStatus"": ""L"", ""BatV"": 3.661, ""Work_mode"": ""IIC"", ""EXTI_Trigger"": ""FALSE"", ""Door_status"": ""OPEN"", ""TempC1"": 0, ""ADC_CH0V"": 0.304, ""Hum_SHT"": 97.6, ""TempC_SHT"": 9.4}",Top Paddock,-38.6958,143.775,165.0,"{""alt"": ""165.0"", ""lon"": ""143.775"", ""lat"": ""-38.6958"", ""site"": ""Top Paddock"", ""geojson"": ""{\""type\"":\""Point\"",\""coordinates\"":[143.775,-38.6958,165.0]}""}",a84041ffff26623c,-81.0,13.5,9.4,97.6,3.661,OPEN,0.304,L,IIC,0.0,9.4,97.6,,,,,,,,,,,,,,,,,,,,
69ff8c2f4799c2c4682091de,2026-05-09T19:34:07.105184+00:00,2026-05-09T19:34:07.369Z,1778355247369.0,application/3a8594c3-7866-4007-9786-b5ec52b2d117/device/ab4041cd218523a2/event/up,77064538-d5aa-441f-beae-a2d28e620b76,ChirpStack,monitoring,LSN50v2-S31,LST25502626,ab4041cd218523a2,CLASS_A,01b972d1,49990.0,2.0,False,True,2.0,au915_0,"{""Hum_SHT"": 98.1, ""TempC_SHT"": 9.8, ""Work_mode"": ""IIC"", ""Digital_IStatus"": ""L"", ""TempC1"": 0, ""ADC_CH0V"": 0.305, ""EXTI_Trigger"": ""FALSE"", ""Door_status"": ""OPEN"", ""BatV"": 3.661}",Top Paddock,-38.6958,143.775,165.0,"{""alt"": ""165.0"", ""lat"": ""-38.6958"", ""geojson"": ""{\""type\"":\""Point\"",\""coordinates\"":[143.775,-38.6958,165.0]}"", ""site"": ""Top Paddock"", ""lon"": ""143.775""}",a84041ffff26623c,-77.0,12.5,9.8,98.1,3.661,OPEN,0.305,L,IIC,0.0,9.8,98.1,,,,,,,,,,,,,,,,,,,,
69ff90df4799c2c4682091e1,2026-05-09T19:54:07.102248+00:00,2026-05-09T19:54:07.392Z,1778356447392.0,application/3a8594c3-7866-4007-9786-b5ec52b2d117/device/ab4041cd218523a2/event/up,3286cb38-5b68-416f-a445-64736676d7f6,ChirpStack,monitoring,LSN50v2-S31,LST25502626,ab4041cd218523a2,CLASS_A,01b972d1,49991.0,2.0,False,True,2.0,au915_0,"{""BatV"": 3.658, ""EXTI_Trigger"": ""FALSE"", ""ADC_CH0V"": 0.303, ""Hum_SHT"": 98.2, ""Door_status"": ""OPEN"", ""TempC1"": 0, ""Digital_IStatus"": ""L"", ""Work_mode"": ""IIC"", ""TempC_SHT"": 9.9}",Top Paddock,-38.6958,143.775,165.0,"{""lon"": ""143.775"", ""alt"": ""165.0"", ""geojson"": ""{\""type\"":\""Point\"",\""coordinates\"":[143.775,-38.6958,165.0]}"", ""site"": ""Top Paddock"", ""lat"": ""-38.6958""}",a84041ffff26623c,-81.0,14.2,9.9,98.2,3.658,OPEN,0.303,L,IIC,0.0,9.9,98.2,,,,,,,,,,,,,,,,,,,,
69ff958f4799c2c4682091e5,2026-05-09T20:14:07.094370+00:00,2026-05-09T20:14:07.321Z,1778357647322.0,application/3a8594c3-7866-4007-9786-b5ec52b2d117/device/ab4041cd218523a2/event/up,413bdc8f-e5b6-4d3e-8404-f906894e145a,ChirpStack,monitoring,LSN50v2-S31,LST25502626,ab4041cd218523a2,CLASS_A,01b972d1,49992.0,2.0,False,True,2.0,au915_0,"{""Digital_IStatus"": ""L"", ""Door_status"": ""OPEN"", ""Work_mode"": ""IIC"", ""EXTI_Trigger"": ""FALSE"", ""Hum_SHT"": 98.8, ""TempC_SHT"": 10.3, ""TempC1"": 0, ""BatV"": 3.661, ""ADC_CH0V"": 0.304}",Top Paddock,-38.6958,143.775,165.0,"{""geojson"": ""{\""type\"":\""Point\"",\""coordinates\"":[143.775,-38.6958,165.0]}"", ""site"": ""Top Paddock"", ""alt"": ""165.0"", ""lon"": ""143.775"", ""lat"": ""-38.6958""}",a84041ffff26623c,-77.0,10.0,10.3,98.8,3.661,OPEN,0.304,L,IIC,0.0,10.3,98.8,,,,,,,,,,,,,,,,,,,,
69ff9a3f4799c2c4682091e7,2026-05-09T20:34:07.084089+00:00,2026-05-09T20:34:07.344Z,1778358847345.0,application/3a8594c3-7866-4007-9786-b5ec52b2d117/device/ab4041cd218523a2/event/up,999f79e9-5257-4f7c-b62d-5918e99273fc,ChirpStack,monitoring,LSN50v2-S31,LST25502626,ab4041cd218523a2,CLASS_A,01b972d1,49993.0,2.0,False,True,2.0,au915_0,"{""Digital_IStatus"": ""L"", ""EXTI_Trigger"": ""FALSE"", ""Hum_SHT"": 99.1, ""Work_mode"": ""IIC"", ""BatV"": 3.658, ""ADC_CH0V"": 0.304, ""Door_status"": ""OPEN"", ""TempC1"": 0, ""TempC_SHT"": 10.9}",Top Paddock,-38.6958,143.775,165.0,"{""lat"": ""-38.6958"", ""site"": ""Top Paddock"", ""alt"": ""165.0"", ""lon"": ""143.775"", ""geojson"": ""{\""type\"":\""Point\"",\""coordinates\"":[143.775,-38.6958,165.0]}""}",a84041ffff26623c,-77.0,14.0,10.9,99.1,3.658,OPEN,0.304,L,IIC,0.0,10.9,99.1,,,,,,,,,,,,,,,,,,,,
69ff9eef4799c2c4682091eb,2026-05-09T20:54:07.074460+00:00,2026-05-09T20:54:07.334Z,1778360047335.0,application/3a8594c3-7866-4007-9786-b5ec52b2d117/device/ab4041cd218523a2/event/up,59cde1fb-f010-4608-aa66-349ad9275dcc,ChirpStack,monitoring,LSN50v2-S31,LST25502626,ab4041cd218523a2,CLASS_A,01b972d1,49994.0,2.0,False,True,2.0,au915_0,"{""TempC1"": 0, ""Digital_IStatus"": ""L"", ""Door_status"": ""OPEN"", ""TempC_SHT"": 11.2, ""Hum_SHT"": 98.8, ""BatV"": 3.658, ""Work_mode"": ""IIC"", ""EXTI_Trigger"": ""FALSE"", ""ADC_CH0V"": 0.304}",Top Paddock,-38.6958,143.775,165.0,"{""geojson"": ""{\""type\"":\""Point\"",\""coordinates\"":[143.775,-38.6958,165.0]}"", ""lat"": ""-38.6958"", ""lon"": ""143.775"", ""alt"": ""165.0"", ""site"": ""Top Paddock""}",a84041ffff26623c,-83.0,13.0,11.2,98.8,3.658,OPEN,0.304,L,IIC,0.0,11.2,98.8,,,,,,,,,,,,,,,,,,,,
69ffa39f4799c2c4682091ef,2026-05-09T21:14:07.069958+00:00,2026-05-09T21:14:07.330Z,1778361247330.0,application/3a8594c3-7866-4007-9786-b5ec52b2d117/device/ab4041cd218523a2/event/up,f266126d-6bfd-4ba3-9ec1-f107e7b827f7,ChirpStack,monitoring,LSN50v2-S31,LST25502626,ab4041cd218523a2,CLASS_A,01b972d1,49995.0,2.0,False,True,2.0,au915_0,"{""EXTI_Trigger"": ""FALSE"", ""BatV"": 3.661, ""TempC_SHT"": 11, ""Digital_IStatus"": ""L"", ""Door_status"": ""OPEN"", ""Work_mode"": ""IIC"", ""Hum_SHT"": 98.1, ""TempC1"": 0, ""ADC_CH0V"": 0.303}",Top Paddock,-38.6958,143.775,165.0,"{""lon"": ""143.775"", ""lat"": ""-38.6958"", ""alt"": ""165.0"", ""geojson"": ""{\""type\"":\""Point\"",\""coordinates\"":[143.775,-38.6958,165.0]}"", ""site"": ""Top Paddock""}",a84041ffff26623c,-81.0,13.8,11.0,98.1,3.661,OPEN,0.303,L,IIC,0.0,11.0,98.1,,,,,,,,,,,,,,,,,,,,
69ffa84f4799c2c4682091f1,2026-05-09T21:34:07.056586+00:00,2026-05-09T21:34:07.290Z,1778362447291.0,application/3a8594c3-7866-4007-9786-b5ec52b2d117/device/ab4041cd218523a2/event/up,b30c3816-dbb6-4378-8156-82f0ef64181c,ChirpStack,monitoring,LSN50v2-S31,LST25502626,ab4041cd218523a2,CLASS_A,01b972d1,49996.0,2.0,False,True,2.0,au915_0,"{""BatV"": 3.661, ""Hum_SHT"": 98.2, ""TempC1"": 0, ""Door_status"": ""OPEN"", ""ADC_CH0V"": 0.303, ""EXTI_Trigger"": ""FALSE"", ""Digital_IStatus"": ""L"", ""Work_mode"": ""IIC"", ""TempC_SHT"": 11.2}",Top Paddock,-38.6958,143.775,165.0,"{""lon"": ""143.775"", ""site"": ""Top Paddock"", ""geojson"": ""{\""type\"":\""Point\"",\""coordinates\"":[143.775,-38.6958,165.0]}"", ""alt"": ""165.0"", ""lat"": ""-38.6958""}",a84041ffff26623c,-77.0,13.2,11.2,98.2,3.661,OPEN,0.303,L,IIC,0.0,11.2,98.2,,,,,,,,,,,,,,,,,,,,
69ffacff4799c2c4682091f5,2026-05-09T21:54:07.055621+00:00,2026-05-09T21:54:07.301Z,1778363647302.0,application/3a8594c3-7866-4007-9786-b5ec52b2d117/device/ab4041cd218523a2/event/up,1996efe9-bb85-406b-b4a5-f9827d653094,ChirpStack,monitoring,LSN50v2-S31,LST25502626,ab4041cd218523a2,CLASS_A,01b972d1,49997.0,2.0,False,True,2.0,au915_0,"{""Door_status"": ""OPEN"", ""Digital_IStatus"": ""L"", ""EXTI_Trigger"": ""FALSE"", ""BatV"": 3.661, ""Work_mode"": ""IIC"", ""ADC_CH0V"": 0.303, ""Hum_SHT"": 98.3, ""TempC_SHT"": 11.3, ""TempC1"": 0}",Top Paddock,-38.6958,143.775,165.0,"{""lat"": ""-38.6958"", ""lon"": ""143.775"", ""alt"": ""165.0"", ""site"": ""Top Paddock"", ""geojson"": ""{\""type\"":\""Point\"",\""coordinates\"":[143.775,-38.6958,165.0]}""}",a84041ffff26623c,-78.0,9.5,11.3,98.3,3.661,OPEN,0.303,L,IIC,0.0,11.3,98.3,,,,,,,,,,,,,,,,,,,,
69ffb1af4799c2c4682091f8,2026-05-09T22:14:07.045553+00:00,2026-05-09T22:14:07.317Z,1778364847317.0,application/3a8594c3-7866-4007-9786-b5ec52b2d117/device/ab4041cd218523a2/event/up,3feaf475-1749-41e2-8cb8-94e6514b5129,ChirpStack,monitoring,LSN50v2-S31,LST25502626,ab4041cd218523a2,CLASS_A,01b972d1,49998.0,2.0,False,True,2.0,au915_0,"{""BatV"": 3.661, ""EXTI_Trigger"": ""FALSE"", ""Hum_SHT"": 98, ""TempC1"": 0, ""Digital_IStatus"": ""L"", ""ADC_CH0V"": 0.303, ""Door_status"": ""OPEN"", ""Work_mode"": ""IIC"", ""TempC_SHT"": 11.6}",Top Paddock,-38.6958,143.775,165.0,"{""alt"": ""165.0"", ""site"": ""Top Paddock"", ""lat"": ""-38.6958"", ""geojson"": ""{\""type\"":\""Point\"",\""coordinates\"":[143.775,-38.6958,165.0]}"", ""lon"": ""143.775""}",a84041ffff26623c,-82.0,14.2,11.6,98.0,3.661,OPEN,0.303,L,IIC,0.0,11.6,98.0,,,,,,,,,,,,,,,,,,,,
69ffb65f4799c2c4682091fb,2026-05-09T22:34:07.045508+00:00,2026-05-09T22:34:07.310Z,1778366047310.0,application/3a8594c3-7866-4007-9786-b5ec52b2d117/device/ab4041cd218523a2/event/up,aad8a4a5-5f6a-4744-abf0-7558acb7c030,ChirpStack,monitoring,LSN50v2-S31,LST25502626,ab4041cd218523a2,CLASS_A,01b972d1,49999.0,2.0,False,True,2.0,au915_0,"{""EXTI_Trigger"": ""FALSE"", ""Hum_SHT"": 97.8, ""BatV"": 3.658, ""ADC_CH0V"": 0.304, ""TempC1"": 0, ""Digital_IStatus"": ""L"", ""Work_mode"": ""IIC"", ""TempC_SHT"": 11.8, ""Door_status"": ""OPEN""}",Top Paddock,-38.6958,143.775,165.0,"{""lon"": ""143.775"", ""lat"": ""-38.6958"", ""alt"": ""165.0"", ""geojson"": ""{\""type\"":\""Point\"",\""coordinates\"":[143.775,-38.6958,165.0]}"", ""site"": ""Top Paddock""}",a84041ffff26623c,-82.0,14.0,11.8,97.8,3.658,OPEN,0.304,L,IIC,0.0,11.8,97.8,,,,,,,,,,,,,,,,,,,,
69ffbb0f4799c2c4682091fe,2026-05-09T22:54:07.037236+00:00,2026-05-09T22:54:07.298Z,1778367247298.0,application/3a8594c3-7866-4007-9786-b5ec52b2d117/device/ab4041cd218523a2/event/up,bbeda135-c9e7-4171-a42d-0cef6102c5db,ChirpStack,monitoring,LSN50v2-S31,LST25502626,ab4041cd218523a2,CLASS_A,01b972d1,50000.0,2.0,False,True,2.0,au915_0,"{""BatV"": 3.661, ""Door_status"": ""OPEN"", ""TempC1"": 0, ""TempC_SHT"": 12.1, ""ADC_CH0V"": 0.303, ""EXTI_Trigger"": ""FALSE"", ""Work_mode"": ""IIC"", ""Digital_IStatus"": ""L"", ""Hum_SHT"": 97.1}",Top Paddock,-38.6958,143.775,165.0,"{""geojson"": ""{\""type\"":\""Point\"",\""coordinates\"":[143.775,-38.6958,165.0]}"", ""lon"": ""143.775"", ""alt"": ""165.0"", ""lat"": ""-38.6958"", ""site"": ""Top Paddock""}",a84041ffff26623c,-78.0,13.5,12.1,97.1,3.661,OPEN,0.303,L,IIC,0.0,12.1,97.1,,,,,,,,,,,,,,,,,,,,
69ffbfbf4799c2c468209202,2026-05-09T23:14:07.033077+00:00,2026-05-09T23:14:07.295Z,1778368447296.0,application/3a8594c3-7866-4007-9786-b5ec52b2d117/device/ab4041cd218523a2/event/up,3cf5127a-d2d9-4734-9ae3-d80b4c4ed848,ChirpStack,monitoring,LSN50v2-S31,LST25502626,ab4041cd218523a2,CLASS_A,01b972d1,50001.0,2.0,False,True,2.0,au915_0,"{""Work_mode"": ""IIC"", ""ADC_CH0V"": 0.303, ""EXTI_Trigger"": ""FALSE"", ""BatV"": 3.658, ""Digital_IStatus"": ""L"", ""Door_status"": ""OPEN"", ""TempC_SHT"": 12.4, ""Hum_SHT"": 95.7, ""TempC1"": 0}",Top Paddock,-38.6958,143.775,165.0,"{""geojson"": ""{\""type\"":\""Point\"",\""coordinates\"":[143.775,-38.6958,165.0]}"", ""lat"": ""-38.6958"", ""alt"": ""165.0"", ""site"": ""Top Paddock"", ""lon"": ""143.775""}",a84041ffff26623c,-78.0,14.0,12.4,95.7,3.658,OPEN,0.303,L,IIC,0.0,12.4,95.7,,,,,,,,,,,,,,,,,,,,
69ffc46f4799c2c468209205,2026-05-09T23:34:07.016291+00:00,2026-05-09T23:34:07.279Z,1778369647280.0,application/3a8594c3-7866-4007-9786-b5ec52b2d117/device/ab4041cd218523a2/event/up,5dbaf437-454d-4ea2-b144-a2a45fbaa0b4,ChirpStack,monitoring,LSN50v2-S31,LST25502626,ab4041cd218523a2,CLASS_A,01b972d1,50002.0,2.0,False,True,2.0,au915_0,"{""EXTI_Trigger"": ""FALSE"", ""BatV"": 3.658, ""Work_mode"": ""IIC"", ""ADC_CH0V"": 0.302, ""TempC1"": 0, ""TempC_SHT"": 12.6, ""Digital_IStatus"": ""L"", ""Hum_SHT"": 94.1, ""Door_status"": ""OPEN""}",Top Paddock,-38.6958,143.775,165.0,"{""site"": ""Top Paddock"", ""lon"": ""143.775"", ""geojson"": ""{\""type\"":\""Point\"",\""coordinates\"":[143.775,-38.6958,165.0]}"", ""alt"": ""165.0"", ""lat"": ""-38.6958""}",a84041ffff26623c,-82.0,13.8,12.6,94.1,3.658,OPEN,0.302,L,IIC,0.0,12.6,94.1,,,,,,,,,,,,,,,,,,,,
69ffc91f4799c2c468209209,2026-05-09T23:54:07.013568+00:00,2026-05-09T23:54:07.278Z,1778370847278.0,application/3a8594c3-7866-4007-9786-b5ec52b2d117/device/ab4041cd218523a2/event/up,7527c386-3bd6-4f66-8606-0b97d1f837a6,ChirpStack,monitoring,LSN50v2-S31,LST25502626,ab4041cd218523a2,CLASS_A,01b972d1,50003.0,2.0,False,True,2.0,au915_0,"{""TempC_SHT"": 12.7, ""EXTI_Trigger"": ""FALSE"", ""Hum_SHT"": 92.5, ""TempC1"": 0, ""Door_status"": ""OPEN"", ""ADC_CH0V"": 0.301, ""BatV"": 3.661, ""Digital_IStatus"": ""L"", ""Work_mode"": ""IIC""}",Top Paddock,-38.6958,143.775,165.0,"{""geojson"": ""{\""type\"":\""Point\"",\""coordinates\"":[143.775,-38.6958,165.0]}"", ""site"": ""Top Paddock"", ""lat"": ""-38.6958"", ""lon"": ""143.775"", ""alt"": ""165.0""}",a84041ffff26623c,-83.0,13.2,12.7,92.5,3.661,OPEN,0.301,L,IIC,0.0,12.7,92.5,,,,,,,,,,,,,,,,,,,,
69ffcdcf4799c2c46820920c,2026-05-10T00:14:06.996334+00:00,2026-05-10T00:14:07.262Z,1778372047263.0,application/3a8594c3-7866-4007-9786-b5ec52b2d117/device/ab4041cd218523a2/event/up,809bd4d1-7ad0-4c5a-aaba-f857563f0921,ChirpStack,monitoring,LSN50v2-S31,LST25502626,ab4041cd218523a2,CLASS_A,01b972d1,50004.0,2.0,False,True,2.0,au915_0,"{""TempC1"": 0, ""Digital_IStatus"": ""L"", ""Door_status"": ""OPEN"", ""TempC_SHT"": 12.9, ""BatV"": 3.658, ""Hum_SHT"": 92.2, ""ADC_CH0V"": 0.302, ""EXTI_Trigger"": ""FALSE"", ""Work_mode"": ""IIC""}",Top Paddock,-38.6958,143.775,165.0,"{""geojson"": ""{\""type\"":\""Point\"",\""coordinates\"":[143.775,-38.6958,165.0]}"", ""lon"": ""143.775"", ""alt"": ""165.0"", ""site"": ""Top Paddock"", ""lat"": ""-38.6958""}",a84041ffff26623c,-82.0,13.8,12.9,92.2,3.658,OPEN,0.302,L,IIC,0.0,12.9,92.2,,,,,,,,,,,,,,,,,,,,
69ffd27f4799c2c46820920f,2026-05-10T00:34:06.995581+00:00,2026-05-10T00:34:07.259Z,1778373247259.0,application/3a8594c3-7866-4007-9786-b5ec52b2d117/device/ab4041cd218523a2/event/up,cb30e6b5-c8d9-4721-8c9c-e75bb8020700,ChirpStack,monitoring,LSN50v2-S31,LST25502626,ab4041cd218523a2,CLASS_A,01b972d1,50005.0,2.0,False,True,2.0,au915_0,"{""ADC_CH0V"": 0.302, ""Door_status"": ""OPEN"", ""TempC_SHT"": 13, ""Digital_IStatus"": ""L"", ""Hum_SHT"": 92, ""EXTI_Trigger"": ""FALSE"", ""TempC1"": 0, ""Work_mode"": ""IIC"", ""BatV"": 3.661}",Top Paddock,-38.6958,143.775,165.0,"{""alt"": ""165.0"", ""lat"": ""-38.6958"", ""geojson"": ""{\""type\"":\""Point\"",\""coordinates\"":[143.775,-38.6958,165.0]}"", ""site"": ""Top Paddock"", ""lon"": ""143.775""}",a84041ffff26623c,-78.0,13.8,13.0,92.0,3.661,OPEN,0.302,L,IIC,0.0,13.0,92.0,,,,,,,,,,,,,,,,,,,,
69ffd72f4799c2c468209213,2026-05-10T00:54:06.980857+00:00,2026-05-10T00:54:07.215Z,1778374447216.0,application/3a8594c3-7866-4007-9786-b5ec52b2d117/device/ab4041cd218523a2/event/up,e429aa71-cfb8-414b-b8b7-89f6a79d9853,ChirpStack,monitoring,LSN50v2-S31,LST25502626,ab4041cd218523a2,CLASS_A,01b972d1,50006.0,2.0,False,True,2.0,au915_0,"{""EXTI_Trigger"": ""FALSE"", ""Door_status"": ""OPEN"", ""TempC1"": 0, ""TempC_SHT"": 13.8, ""Digital_IStatus"": ""L"", ""Work_mode"": ""IIC"", ""ADC_CH0V"": 0.302, ""Hum_SHT"": 91.7, ""BatV"": 3.658}",Top Paddock,-38.6958,143.775,165.0,"{""alt"": ""165.0"", ""lon"": ""143.775"", ""geojson"": ""{\""type\"":\""Point\"",\""coordinates\"":[143.775,-38.6958,165.0]}"", ""site"": ""Top Paddock"", ""lat"": ""-38.6958""}",a84041ffff26623c,-84.0,13.2,13.8,91.7,3.658,OPEN,0.302,L,IIC,0.0,13.8,91.7,,,,,,,,,,,,,,,,,,,,
69ffdbdf4799c2c468209217,2026-05-10T01:14:06.966915+00:00,2026-05-10T01:14:07.185Z,1778375647185.0,application/3a8594c3-7866-4007-9786-b5ec52b2d117/device/ab4041cd218523a2/event/up,c434d49a-b083-47d5-bfae-fbdbc531ce96,ChirpStack,monitoring,LSN50v2-S31,LST25502626,ab4041cd218523a2,CLASS_A,01b972d1,50007.0,2.0,False,True,2.0,au915_0,"{""TempC_SHT"": 14.3, ""Work_mode"": ""IIC"", ""Digital_IStatus"": ""L"", ""BatV"": 3.661, ""ADC_CH0V"": 0.302, ""Hum_SHT"": 88.6, ""EXTI_Trigger"": ""FALSE"", ""TempC1"": 0, ""Door_status"": ""OPEN""}",Top Paddock,-38.6958,143.775,165.0,"{""alt"": ""165.0"", ""geojson"": ""{\""type\"":\""Point\"",\""coordinates\"":[143.775,-38.6958,165.0]}"", ""lat"": ""-38.6958"", ""site"": ""Top Paddock"", ""lon"": ""143.775""}",a84041ffff26623c,-78.0,10.0,14.3,88.6,3.661,OPEN,0.302,L,IIC,0.0,14.3,88.6,,,,,,,,,,,,,,,,,,,,
69ffe08f4799c2c46820921a,2026-05-10T01:34:06.962535+00:00,2026-05-10T01:34:07.188Z,1778376847189.0,application/3a8594c3-7866-4007-9786-b5ec52b2d117/device/ab4041cd218523a2/event/up,cf0582c5-d12b-412d-a338-4353024212c8,ChirpStack,monitoring,LSN50v2-S31,LST25502626,ab4041cd218523a2,CLASS_A,01b972d1,50008.0,2.0,False,True,2.0,au915_0,"{""TempC_SHT"": 14.7, ""BatV"": 3.661, ""TempC1"": 0, ""Work_mode"": ""IIC"", ""ADC_CH0V"": 0.303, ""EXTI_Trigger"": ""FALSE"", ""Door_status"": ""OPEN"", ""Digital_IStatus"": ""L"", ""Hum_SHT"": 86.8}",Top Paddock,-38.6958,143.775,165.0,"{""lon"": ""143.775"", ""lat"": ""-38.6958"", ""site"": ""Top Paddock"", ""alt"": ""165.0"", ""geojson"": ""{\""type\"":\""Point\"",\""coordinates\"":[143.775,-38.6958,165.0]}""}",a84041ffff26623c,-82.0,13.5,14.7,86.8,3.661,OPEN,0.303,L,IIC,0.0,14.7,86.8,,,,,,,,,,,,,,,,,,,,
69ffe53f4799c2c46820921d,2026-05-10T01:54:06.955596+00:00,2026-05-10T01:54:07.203Z,1778378047204.0,application/3a8594c3-7866-4007-9786-b5ec52b2d117/device/ab4041cd218523a2/event/up,16cb1e32-c879-40b1-a3c4-c4e85afdecef,ChirpStack,monitoring,LSN50v2-S31,LST25502626,ab4041cd218523a2,CLASS_A,01b972d1,50009.0,2.0,False,True,2.0,au915_0,"{""Digital_IStatus"": ""L"", ""ADC_CH0V"": 0.302, ""TempC_SHT"": 14.6, ""BatV"": 3.661, ""Hum_SHT"": 87, ""EXTI_Trigger"": ""FALSE"", ""TempC1"": 0, ""Door_status"": ""OPEN"", ""Work_mode"": ""IIC""}",Top Paddock,-38.6958,143.775,165.0,"{""geojson"": ""{\""type\"":\""Point\"",\""coordinates\"":[143.775,-38.6958,165.0]}"", ""site"": ""Top Paddock"", ""lat"": ""-38.6958"", ""lon"": ""143.775"", ""alt"": ""165.0""}",a84041ffff26623c,-88.0,13.5,14.6,87.0,3.661,OPEN,0.302,L,IIC,0.0,14.6,87.0,,,,,,,,,,,,,,,,,,,,
69ffe9ee4799c2c468209222,2026-05-10T02:14:06.514189+00:00,2026-05-10T02:14:06.792Z,1778379246793.0,application/3a8594c3-7866-4007-9786-b5ec52b2d117/device/ab4041cd218523a2/event/up,480f94b5-8903-4ac6-9190-b6242dec587a,ChirpStack,monitoring,LSN50v2-S31,LST25502626,ab4041cd218523a2,CLASS_A,01b972d1,50010.0,2.0,False,True,2.0,au915_0,"{""TempC1"": 0, ""TempC_SHT"": 14.2, ""Digital_IStatus"": ""L"", ""BatV"": 3.658, ""Work_mode"": ""IIC"", ""EXTI_Trigger"": ""FALSE"", ""Hum_SHT"": 89.1, ""Door_status"": ""OPEN"", ""ADC_CH0V"": 0.302}",Top Paddock,-38.6958,143.775,165.0,"{""alt"": ""165.0"", ""lon"": ""143.775"", ""geojson"": ""{\""type\"":\""Point\"",\""coordinates\"":[143.775,-38.6958,165.0]}"", ""lat"": ""-38.6958"", ""site"": ""Top Paddock""}",a84041ffff26623c,-73.0,3.8,14.2,89.1,3.658,OPEN,0.302,L,IIC,0.0,14.2,89.1,,,,,,,,,,,,,,,,,,,,
69ffee9f4799c2c468209226,2026-05-10T02:34:06.935899+00:00,2026-05-10T02:34:07.207Z,1778380447208.0,application/3a8594c3-7866-4007-9786-b5ec52b2d117/device/ab4041cd218523a2/event/up,df549743-84f1-4fd5-9d09-7da788b57322,ChirpStack,monitoring,LSN50v2-S31,LST25502626,ab4041cd218523a2,CLASS_A,01b972d1,50011.0,2.0,False,True,2.0,au915_0,"{""EXTI_Trigger"": ""FALSE"", ""Work_mode"": ""IIC"", ""ADC_CH0V"": 0.301, ""TempC_SHT"": 14.3, ""Hum_SHT"": 90.7, ""Door_status"": ""OPEN"", ""TempC1"": 0, ""Digital_IStatus"": ""L"", ""BatV"": 3.658}",Top Paddock,-38.6958,143.775,165.0,"{""lat"": ""-38.6958"", ""lon"": ""143.775"", ""alt"": ""165.0"", ""site"": ""Top Paddock"", ""geojson"": ""{\""type\"":\""Point\"",\""coordinates\"":[143.775,-38.6958,165.0]}""}",a84041ffff26623c,-81.0,13.5,14.3,90.7,3.658,OPEN,0.301,L,IIC,0.0,14.3,90.7,,,,,,,,,,,,,,,,,,,,
69fff34f4799c2c46820922b,2026-05-10T02:54:06.925684+00:00,2026-05-10T02:54:07.196Z,1778381647196.0,application/3a8594c3-7866-4007-9786-b5ec52b2d117/device/ab4041cd218523a2/event/up,5a5eaac4-023d-4249-a035-373586ce1546,ChirpStack,monitoring,LSN50v2-S31,LST25502626,ab4041cd218523a2,CLASS_A,01b972d1,50012.0,2.0,False,True,2.0,au915_0,"{""Door_status"": ""OPEN"", ""BatV"": 3.658, ""TempC_SHT"": 14.5, ""Hum_SHT"": 91.8, ""EXTI_Trigger"": ""FALSE"", ""Work_mode"": ""IIC"", ""Digital_IStatus"": ""L"", ""TempC1"": 0, ""ADC_CH0V"": 0.301}",Top Paddock,-38.6958,143.775,165.0,"{""lon"": ""143.775"", ""alt"": ""165.0"", ""lat"": ""-38.6958"", ""geojson"": ""{\""type\"":\""Point\"",\""coordinates\"":[143.775,-38.6958,165.0]}"", ""site"": ""Top Paddock""}",a84041ffff26623c,-83.0,13.0,14.5,91.8,3.658,OPEN,0.301,L,IIC,0.0,14.5,91.8,,,,,,,,,,,,,,,,,,,,
69fff7ff4799c2c46820922e,2026-05-10T03:14:06.912419+00:00,2026-05-10T03:14:07.161Z,1778382847161.0,application/3a8594c3-7866-4007-9786-b5ec52b2d117/device/ab4041cd218523a2/event/up,6d6fb3c2-26b1-4963-a24f-3d609e907e9b,ChirpStack,monitoring,LSN50v2-S31,LST25502626,ab4041cd218523a2,CLASS_A,01b972d1,50013.0,2.0,False,True,2.0,au915_0,"{""BatV"": 3.661, ""TempC1"": 0, ""TempC_SHT"": 14.6, ""Hum_SHT"": 91.6, ""Digital_IStatus"": ""L"", ""EXTI_Trigger"": ""FALSE"", ""Door_status"": ""OPEN"", ""ADC_CH0V"": 0.302, ""Work_mode"": ""IIC""}",Top Paddock,-38.6958,143.775,165.0,"{""site"": ""Top Paddock"", ""lon"": ""143.775"", ""lat"": ""-38.6958"", ""alt"": ""165.0"", ""geojson"": ""{\""type\"":\""Point\"",\""coordinates\"":[143.775,-38.6958,165.0]}""}",a84041ffff26623c,-87.0,12.8,14.6,91.6,3.661,OPEN,0.302,L,IIC,0.0,14.6,91.6,,,,,,,,,,,,,,,,,,,,
69fffcaf4799c2c468209231,2026-05-10T03:34:06.905538+00:00,2026-05-10T03:34:07.158Z,1778384047159.0,application/3a8594c3-7866-4007-9786-b5ec52b2d117/device/ab4041cd218523a2/event/up,7509fa2f-125d-4e7c-b232-9b4db59dce94,ChirpStack,monitoring,LSN50v2-S31,LST25502626,ab4041cd218523a2,CLASS_A,01b972d1,50014.0,2.0,False,True,2.0,au915_0,"{""TempC1"": 0, ""BatV"": 3.661, ""Digital_IStatus"": ""L"", ""EXTI_Trigger"": ""FALSE"", ""Work_mode"": ""IIC"", ""ADC_CH0V"": 0.303, ""TempC_SHT"": 13.8, ""Door_status"": ""OPEN"", ""Hum_SHT"": 92.9}",Top Paddock,-38.6958,143.775,165.0,"{""lon"": ""143.775"", ""geojson"": ""{\""type\"":\""Point\"",\""coordinates\"":[143.775,-38.6958,165.0]}"", ""lat"": ""-38.6958"", ""alt"": ""165.0"", ""site"": ""Top Paddock""}",a84041ffff26623c,-81.0,11.2,13.8,92.9,3.661,OPEN,0.303,L,IIC,0.0,13.8,92.9,,,,,,,,,,,,,,,,,,,,
6a00015f4799c2c468209236,2026-05-10T03:54:06.890525+00:00,2026-05-10T03:54:07.163Z,1778385247163.0,application/3a8594c3-7866-4007-9786-b5ec52b2d117/device/ab4041cd218523a2/event/up,1012b91f-452f-45e9-8105-2f1254c6d389,ChirpStack,monitoring,LSN50v2-S31,LST25502626,ab4041cd218523a2,CLASS_A,01b972d1,50015.0,2.0,False,True,2.0,au915_0,"{""ADC_CH0V"": 0.302, ""BatV"": 3.658, ""TempC_SHT"": 13.7, ""Door_status"": ""OPEN"", ""Hum_SHT"": 94.4, ""EXTI_Trigger"": ""FALSE"", ""TempC1"": 0, ""Work_mode"": ""IIC"", ""Digital_IStatus"": ""L""}",Top Paddock,-38.6958,143.775,165.0,"{""site"": ""Top Paddock"", ""geojson"": ""{\""type\"":\""Point\"",\""coordinates\"":[143.775,-38.6958,165.0]}"", ""lat"": ""-38.6958"", ""lon"": ""143.775"", ""alt"": ""165.0""}",a84041ffff26623c,-85.0,12.8,13.7,94.4,3.658,OPEN,0.302,L,IIC,0.0,13.7,94.4,,,,,,,,,,,,,,,,,,,,
6a00060f4799c2c468209239,2026-05-10T04:14:06.894632+00:00,2026-05-10T04:14:07.143Z,1778386447143.0,application/3a8594c3-7866-4007-9786-b5ec52b2d117/device/ab4041cd218523a2/event/up,98fd21f7-86e9-4b11-8ae9-9558c28d6a58,ChirpStack,monitoring,LSN50v2-S31,LST25502626,ab4041cd218523a2,CLASS_A,01b972d1,50016.0,2.0,False,True,2.0,au915_0,"{""BatV"": 3.661, ""ADC_CH0V"": 0.302, ""Digital_IStatus"": ""L"", ""TempC_SHT"": 13.4, ""Hum_SHT"": 94.6, ""TempC1"": 0, ""Work_mode"": ""IIC"", ""EXTI_Trigger"": ""FALSE"", ""Door_status"": ""OPEN""}",Top Paddock,-38.6958,143.775,165.0,"{""site"": ""Top Paddock"", ""alt"": ""165.0"", ""lat"": ""-38.6958"", ""geojson"": ""{\""type\"":\""Point\"",\""coordinates\"":[143.775,-38.6958,165.0]}"", ""lon"": ""143.775""}",a84041ffff26623c,-80.0,12.0,13.4,94.6,3.661,OPEN,0.302,L,IIC,0.0,13.4,94.6,,,,,,,,,,,,,,,,,,,,
6a000abf4799c2c46820923c,2026-05-10T04:34:06.886498+00:00,2026-05-10T04:34:07.120Z,1778387647121.0,application/3a8594c3-7866-4007-9786-b5ec52b2d117/device/ab4041cd218523a2/event/up,af1d3ff8-2129-4367-8068-06546f1e439d,ChirpStack,monitoring,LSN50v2-S31,LST25502626,ab4041cd218523a2,CLASS_A,01b972d1,50017.0,2.0,False,True,2.0,au915_0,"{""TempC1"": 0, ""ADC_CH0V"": 0.301, ""Hum_SHT"": 95.3, ""Work_mode"": ""IIC"", ""BatV"": 3.661, ""Door_status"": ""OPEN"", ""Digital_IStatus"": ""L"", ""TempC_SHT"": 13.1, ""EXTI_Trigger"": ""FALSE""}",Top Paddock,-38.6958,143.775,165.0,"{""site"": ""Top Paddock"", ""geojson"": ""{\""type\"":\""Point\"",\""coordinates\"":[143.775,-38.6958,165.0]}"", ""alt"": ""165.0"", ""lon"": ""143.775"", ""lat"": ""-38.6958""}",a84041ffff26623c,-79.0,11.5,13.1,95.3,3.661,OPEN,0.301,L,IIC,0.0,13.1,95.3,,,,,,,,,,,,,,,,,,,,
6a000f6f4799c2c46820923f,2026-05-10T04:54:06.870266+00:00,2026-05-10T04:54:07.130Z,1778388847130.0,application/3a8594c3-7866-4007-9786-b5ec52b2d117/device/ab4041cd218523a2/event/up,90b41107-3051-46de-833f-0a894022f64e,ChirpStack,monitoring,LSN50v2-S31,LST25502626,ab4041cd218523a2,CLASS_A,01b972d1,50018.0,2.0,False,True,2.0,au915_0,"{""Door_status"": ""OPEN"", ""TempC_SHT"": 12.9, ""Hum_SHT"": 96.2, ""TempC1"": 0, ""EXTI_Trigger"": ""FALSE"", ""ADC_CH0V"": 0.302, ""Work_mode"": ""IIC"", ""BatV"": 3.661, ""Digital_IStatus"": ""L""}",Top Paddock,-38.6958,143.775,165.0,"{""lat"": ""-38.6958"", ""geojson"": ""{\""type\"":\""Point\"",\""coordinates\"":[143.775,-38.6958,165.0]}"", ""site"": ""Top Paddock"", ""lon"": ""143.775"", ""alt"": ""165.0""}",a84041ffff26623c,-82.0,13.0,12.9,96.2,3.661,OPEN,0.302,L,IIC,0.0,12.9,96.2,,,,,,,,,,,,,,,,,,,,
6a00141f4799c2c468209244,2026-05-10T05:14:06.860221+00:00,2026-05-10T05:14:07.126Z,1778390047126.0,application/3a8594c3-7866-4007-9786-b5ec52b2d117/device/ab4041cd218523a2/event/up,b088393e-c66a-4e9a-82b7-bc193390f48e,ChirpStack,monitoring,LSN50v2-S31,LST25502626,ab4041cd218523a2,CLASS_A,01b972d1,50019.0,2.0,False,True,2.0,au915_0,"{""Door_status"": ""OPEN"", ""Digital_IStatus"": ""L"", ""TempC1"": 0, ""BatV"": 3.661, ""ADC_CH0V"": 0.303, ""TempC_SHT"": 12.9, ""EXTI_Trigger"": ""FALSE"", ""Work_mode"": ""IIC"", ""Hum_SHT"": 96.6}",Top Paddock,-38.6958,143.775,165.0,"{""site"": ""Top Paddock"", ""alt"": ""165.0"", ""lat"": ""-38.6958"", ""lon"": ""143.775"", ""geojson"": ""{\""type\"":\""Point\"",\""coordinates\"":[143.775,-38.6958,165.0]}""}",a84041ffff26623c,-77.0,13.8,12.9,96.6,3.661,OPEN,0.303,L,IIC,0.0,12.9,96.6,,,,,,,,,,,,,,,,,,,,
6a0018cf29c3f904d39110f7,2026-05-10T05:34:06.851406+00:00,2026-05-10T05:34:07.105Z,1778391247106.0,application/3a8594c3-7866-4007-9786-b5ec52b2d117/device/ab4041cd218523a2/event/up,7e699526-7683-4264-883a-b0e5aa2c56de,ChirpStack,monitoring,LSN50v2-S31,LST25502626,ab4041cd218523a2,CLASS_A,01b972d1,50020.0,2.0,False,True,2.0,au915_0,"{""Work_mode"": ""IIC"", ""BatV"": 3.658, ""Digital_IStatus"": ""L"", ""TempC1"": 0, ""Hum_SHT"": 97, ""ADC_CH0V"": 0.301, ""TempC_SHT"": 12.8, ""Door_status"": ""OPEN"", ""EXTI_Trigger"": ""FALSE""}",Top Paddock,-38.6958,143.775,165.0,"{""lat"": ""-38.6958"", ""geojson"": ""{\""type\"":\""Point\"",\""coordinates\"":[143.775,-38.6958,165.0]}"", ""alt"": ""165.0"", ""site"": ""Top Paddock"", ""lon"": ""143.775""}",a84041ffff26623c,-81.0,14.0,12.8,97.0,3.658,OPEN,0.301,L,IIC,0.0,12.8,97.0,,,,,,,,,,,,,,,,,,,,
6a001d7f29c3f904d39110fc,2026-05-10T05:54:06.849963+00:00,2026-05-10T05:54:07.092Z,1778392447093.0,application/3a8594c3-7866-4007-9786-b5ec52b2d117/device/ab4041cd218523a2/event/up,4a9380e9-f937-45c0-876d-b18897f47d68,ChirpStack,monitoring,LSN50v2-S31,LST25502626,ab4041cd218523a2,CLASS_A,01b972d1,50021.0,2.0,False,True,2.0,au915_0,"{""EXTI_Trigger"": ""FALSE"", ""Digital_IStatus"": ""L"", ""TempC1"": 0, ""BatV"": 3.661, ""ADC_CH0V"": 0.302, ""Work_mode"": ""IIC"", ""Door_status"": ""OPEN"", ""TempC_SHT"": 12.9, ""Hum_SHT"": 97.2}",Top Paddock,-38.6958,143.775,165.0,"{""lat"": ""-38.6958"", ""geojson"": ""{\""type\"":\""Point\"",\""coordinates\"":[143.775,-38.6958,165.0]}"", ""lon"": ""143.775"", ""alt"": ""165.0"", ""site"": ""Top Paddock""}",a84041ffff26623c,-78.0,13.8,12.9,97.2,3.661,OPEN,0.302,L,IIC,0.0,12.9,97.2,,,,,,,,,,,,,,,,,,,,
6a00222f29c3f904d3911100,2026-05-10T06:14:06.834835+00:00,2026-05-10T06:14:07.078Z,1778393647078.0,application/3a8594c3-7866-4007-9786-b5ec52b2d117/device/ab4041cd218523a2/event/up,4002164c-17a1-4018-bad2-dcea0f895287,ChirpStack,monitoring,LSN50v2-S31,LST25502626,ab4041cd218523a2,CLASS_A,01b972d1,50022.0,2.0,False,True,2.0,au915_0,"{""BatV"": 3.661, ""TempC1"": 0, ""Work_mode"": ""IIC"", ""Door_status"": ""OPEN"", ""TempC_SHT"": 12.9, ""EXTI_Trigger"": ""FALSE"", ""ADC_CH0V"": 0.301, ""Digital_IStatus"": ""L"", ""Hum_SHT"": 97.4}",Top Paddock,-38.6958,143.775,165.0,"{""alt"": ""165.0"", ""geojson"": ""{\""type\"":\""Point\"",\""coordinates\"":[143.775,-38.6958,165.0]}"", ""lon"": ""143.775"", ""site"": ""Top Paddock"", ""lat"": ""-38.6958""}",a84041ffff26623c,-82.0,13.5,12.9,97.4,3.661,OPEN,0.301,L,IIC,0.0,12.9,97.4,,,,,,,,,,,,,,,,,,,,
6a0026df29c3f904d3911104,2026-05-10T06:34:06.825446+00:00,2026-05-10T06:34:07.070Z,1778394847070.0,application/3a8594c3-7866-4007-9786-b5ec52b2d117/device/ab4041cd218523a2/event/up,8a2591f4-162a-4a64-bf23-00a4de8362bf,ChirpStack,monitoring,LSN50v2-S31,LST25502626,ab4041cd218523a2,CLASS_A,01b972d1,50023.0,2.0,False,True,2.0,au915_0,"{""Hum_SHT"": 97.5, ""TempC1"": 0, ""EXTI_Trigger"": ""FALSE"", ""ADC_CH0V"": 0.303, ""Door_status"": ""OPEN"", ""Work_mode"": ""IIC"", ""BatV"": 3.661, ""Digital_IStatus"": ""L"", ""TempC_SHT"": 12.8}",Top Paddock,-38.6958,143.775,165.0,"{""site"": ""Top Paddock"", ""lon"": ""143.775"", ""geojson"": ""{\""type\"":\""Point\"",\""coordinates\"":[143.775,-38.6958,165.0]}"", ""lat"": ""-38.6958"", ""alt"": ""165.0""}",a84041ffff26623c,-79.0,9.5,12.8,97.5,3.661,OPEN,0.303,L,IIC,0.0,12.8,97.5,,,,,,,,,,,,,,,,,,,,
6a002b8f29c3f904d3911108,2026-05-10T06:54:06.825584+00:00,2026-05-10T06:54:07.064Z,1778396047064.0,application/3a8594c3-7866-4007-9786-b5ec52b2d117/device/ab4041cd218523a2/event/up,0ae1646a-28ad-480c-abe6-bbf30f25959b,ChirpStack,monitoring,LSN50v2-S31,LST25502626,ab4041cd218523a2,CLASS_A,01b972d1,50024.0,2.0,False,True,2.0,au915_0,"{""ADC_CH0V"": 0.303, ""TempC1"": 0, ""TempC_SHT"": 12.8, ""Digital_IStatus"": ""L"", ""Door_status"": ""OPEN"", ""Hum_SHT"": 97.6, ""BatV"": 3.658, ""Work_mode"": ""IIC"", ""EXTI_Trigger"": ""FALSE""}",Top Paddock,-38.6958,143.775,165.0,"{""alt"": ""165.0"", ""lat"": ""-38.6958"", ""geojson"": ""{\""type\"":\""Point\"",\""coordinates\"":[143.775,-38.6958,165.0]}"", ""lon"": ""143.775"", ""site"": ""Top Paddock""}",a84041ffff26623c,-78.0,12.8,12.8,97.6,3.658,OPEN,0.303,L,IIC,0.0,12.8,97.6,,,,,,,,,,,,,,,,,,,,
6a00303f29c3f904d391110c,2026-05-10T07:14:06.808217+00:00,2026-05-10T07:14:07.048Z,1778397247048.0,application/3a8594c3-7866-4007-9786-b5ec52b2d117/device/ab4041cd218523a2/event/up,a01ff238-6cb4-4553-b01c-484c63653faf,ChirpStack,monitoring,LSN50v2-S31,LST25502626,ab4041cd218523a2,CLASS_A,01b972d1,50025.0,2.0,False,True,2.0,au915_0,"{""TempC_SHT"": 12.6, ""Hum_SHT"": 97.5, ""ADC_CH0V"": 0.303, ""Door_status"": ""OPEN"", ""Digital_IStatus"": ""L"", ""EXTI_Trigger"": ""FALSE"", ""BatV"": 3.658, ""Work_mode"": ""IIC"", ""TempC1"": 0}",Top Paddock,-38.6958,143.775,165.0,"{""alt"": ""165.0"", ""site"": ""Top Paddock"", ""lon"": ""143.775"", ""geojson"": ""{\""type\"":\""Point\"",\""coordinates\"":[143.775,-38.6958,165.0]}"", ""lat"": ""-38.6958""}",a84041ffff26623c,-103.0,6.0,12.6,97.5,3.658,OPEN,0.303,L,IIC,0.0,12.6,97.5,,,,,,,,,,,,,,,,,,,,
69ff57be4799c2c4682091b4,2026-05-09T15:50:22.220605+00:00,2026-05-09T15:50:22.492Z,1778341822492.0,application/3a8594c3-7866-4007-9786-b5ec52b2d117/device/a840419f918523a7/event/up,2171dc13-faae-4cac-9cf2-02e87df70a1a,ChirpStack,monitoring,LSN50v2-S31,LST25502631,a840419f918523a7,CLASS_A,01e453a1,49979.0,2.0,False,True,2.0,au915_0,"{""ADC_CH0V"": 0.541, ""Door_status"": ""OPEN"", ""TempC_SHT"": 11.2, ""Hum_SHT"": 100, ""EXTI_Trigger"": ""FALSE"", ""BatV"": 3.651, ""Work_mode"": ""IIC"", ""Digital_IStatus"": ""L"", ""TempC1"": 0}",Gully,-38.6949,143.7737,179.0,"{""lon"": ""143.7737"", ""lat"": ""-38.6949"", ""geojson"": ""{\""type\"":\""Point\"",\""coordinates\"":[143.7737,-38.6949,179.0]}"", ""site"": ""Gully"", ""alt"": ""179.0""}",a84041ffff26623c,-112.0,-2.8,11.2,100.0,3.651,OPEN,0.541,L,IIC,0.0,11.2,100.0,,,,,,,,,,,,,,,,,,,,
69ff6a7e4799c2c4682091c2,2026-05-09T17:10:22.188459+00:00,2026-05-09T17:10:22.448Z,1778346622448.0,application/3a8594c3-7866-4007-9786-b5ec52b2d117/device/a840419f918523a7/event/up,74382877-0ad0-4e49-90f2-c2054dc42f04,ChirpStack,monitoring,LSN50v2-S31,LST25502631,a840419f918523a7,CLASS_A,01e453a1,49983.0,2.0,False,True,2.0,au915_0,"{""TempC1"": 0, ""Door_status"": ""OPEN"", ""BatV"": 3.651, ""Hum_SHT"": 100, ""ADC_CH0V"": 0.542, ""Digital_IStatus"": ""L"", ""Work_mode"": ""IIC"", ""EXTI_Trigger"": ""FALSE"", ""TempC_SHT"": 11.3}",Gully,-38.6949,143.7737,179.0,"{""lat"": ""-38.6949"", ""site"": ""Gully"", ""alt"": ""179.0"", ""lon"": ""143.7737"", ""geojson"": ""{\""type\"":\""Point\"",\""coordinates\"":[143.7737,-38.6949,179.0]}""}",a84041ffff26623c,-118.0,1.5,11.3,100.0,3.651,OPEN,0.542,L,IIC,0.0,11.3,100.0,,,,,,,,,,,,,,,,,,,,
69ffc83e4799c2c468209207,2026-05-09T23:50:22.018905+00:00,2026-05-09T23:50:22.285Z,1778370622286.0,application/3a8594c3-7866-4007-9786-b5ec52b2d117/device/a840419f918523a7/event/up,4d17a3f7-7625-4723-b321-1c6a70561600,ChirpStack,monitoring,LSN50v2-S31,LST25502631,a840419f918523a7,CLASS_A,01e453a1,50003.0,2.0,False,True,2.0,au915_0,"{""Work_mode"": ""IIC"", ""ADC_CH0V"": 0.555, ""BatV"": 3.654, ""Door_status"": ""OPEN"", ""TempC1"": 0, ""TempC_SHT"": 11.6, ""Digital_IStatus"": ""L"", ""EXTI_Trigger"": ""FALSE"", ""Hum_SHT"": 100}",Gully,-38.6949,143.7737,179.0,"{""site"": ""Gully"", ""alt"": ""179.0"", ""lon"": ""143.7737"", ""lat"": ""-38.6949"", ""geojson"": ""{\""type\"":\""Point\"",\""coordinates\"":[143.7737,-38.6949,179.0]}""}",a84041ffff26623c,-117.0,2.0,11.6,100.0,3.654,OPEN,0.555,L,IIC,0.0,11.6,100.0,,,,,,,,,,,,,,,,,,,,
69ffe90e4799c2c468209220,2026-05-10T02:10:21.956352+00:00,2026-05-10T02:10:22.230Z,1778379022230.0,application/3a8594c3-7866-4007-9786-b5ec52b2d117/device/a840419f918523a7/event/up,b9e8ffdb-8d86-43c5-81a8-516a3c0a1e92,ChirpStack,monitoring,LSN50v2-S31,LST25502631,a840419f918523a7,CLASS_A,01e453a1,50010.0,2.0,False,True,2.0,au915_0,"{""TempC_SHT"": 12.8, ""Digital_IStatus"": ""L"", ""Hum_SHT"": 100, ""TempC1"": 0, ""EXTI_Trigger"": ""FALSE"", ""BatV"": 3.654, ""Work_mode"": ""IIC"", ""ADC_CH0V"": 0.597, ""Door_status"": ""OPEN""}",Gully,-38.6949,143.7737,179.0,"{""geojson"": ""{\""type\"":\""Point\"",\""coordinates\"":[143.7737,-38.6949,179.0]}"", ""lat"": ""-38.6949"", ""alt"": ""179.0"", ""lon"": ""143.7737"", ""site"": ""Gully""}",a84041ffff26623c,-113.0,6.2,12.8,100.0,3.654,OPEN,0.597,L,IIC,0.0,12.8,100.0,,,,,,,,,,,,,,,,,,,,
69ffedbe4799c2c468209224,2026-05-10T02:30:21.945545+00:00,2026-05-10T02:30:22.218Z,1778380222218.0,application/3a8594c3-7866-4007-9786-b5ec52b2d117/device/a840419f918523a7/event/up,71e23443-92b5-4f1e-968d-89b50841f4ab,ChirpStack,monitoring,LSN50v2-S31,LST25502631,a840419f918523a7,CLASS_A,01e453a1,50011.0,2.0,False,True,2.0,au915_0,"{""Work_mode"": ""IIC"", ""ADC_CH0V"": 0.596, ""Digital_IStatus"": ""L"", ""Hum_SHT"": 99.7, ""TempC_SHT"": 12.7, ""EXTI_Trigger"": ""FALSE"", ""TempC1"": 0, ""BatV"": 3.654, ""Door_status"": ""OPEN""}",Gully,-38.6949,143.7737,179.0,"{""site"": ""Gully"", ""geojson"": ""{\""type\"":\""Point\"",\""coordinates\"":[143.7737,-38.6949,179.0]}"", ""alt"": ""179.0"", ""lat"": ""-38.6949"", ""lon"": ""143.7737""}",a84041ffff26623c,-113.0,7.2,12.7,99.7,3.654,OPEN,0.596,L,IIC,0.0,12.7,99.7,,,,,,,,,,,,,,,,,,,,
69fff26e4799c2c468209229,2026-05-10T02:50:21.925611+00:00,2026-05-10T02:50:22.195Z,1778381422195.0,application/3a8594c3-7866-4007-9786-b5ec52b2d117/device/a840419f918523a7/event/up,696ddead-1501-4e8c-842d-870eaa593e55,ChirpStack,monitoring,LSN50v2-S31,LST25502631,a840419f918523a7,CLASS_A,01e453a1,50012.0,2.0,False,True,2.0,au915_0,"{""TempC_SHT"": 12.9, ""EXTI_Trigger"": ""FALSE"", ""Door_status"": ""OPEN"", ""Digital_IStatus"": ""L"", ""Hum_SHT"": 99.8, ""BatV"": 3.654, ""ADC_CH0V"": 0.6, ""Work_mode"": ""IIC"", ""TempC1"": 0}",Gully,-38.6949,143.7737,179.0,"{""alt"": ""179.0"", ""site"": ""Gully"", ""lat"": ""-38.6949"", ""geojson"": ""{\""type\"":\""Point\"",\""coordinates\"":[143.7737,-38.6949,179.0]}"", ""lon"": ""143.7737""}",a84041ffff26623c,-109.0,2.8,12.9,99.8,3.654,OPEN,0.6,L,IIC,0.0,12.9,99.8,,,,,,,,,,,,,,,,,,,,
6a00007e4799c2c468209234,2026-05-10T03:50:22.332879+00:00,2026-05-10T03:50:22.602Z,1778385022602.0,application/3a8594c3-7866-4007-9786-b5ec52b2d117/device/a840419f918523a7/event/up,7046eddb-101a-43b0-83ab-571fb78906aa,ChirpStack,monitoring,LSN50v2-S31,LST25502631,a840419f918523a7,CLASS_A,01e453a1,50015.0,2.0,False,True,2.0,au915_0,"{""Hum_SHT"": 99.8, ""TempC1"": 0, ""ADC_CH0V"": 0.591, ""Door_status"": ""OPEN"", ""Digital_IStatus"": ""L"", ""BatV"": 3.654, ""Work_mode"": ""IIC"", ""TempC_SHT"": 12.7, ""EXTI_Trigger"": ""FALSE""}",Gully,-38.6949,143.7737,179.0,"{""lon"": ""143.7737"", ""lat"": ""-38.6949"", ""site"": ""Gully"", ""geojson"": ""{\""type\"":\""Point\"",\""coordinates\"":[143.7737,-38.6949,179.0]}"", ""alt"": ""179.0""}",a84041ffff26623c,-106.0,-9.0,12.7,99.8,3.654,OPEN,0.591,L,IIC,0.0,12.7,99.8,,,,,,,,,,,,,,,,,,,,
6a00133e4799c2c468209242,2026-05-10T05:10:22.287305+00:00,2026-05-10T05:10:22.555Z,1778389822555.0,application/3a8594c3-7866-4007-9786-b5ec52b2d117/device/a840419f918523a7/event/up,994db4bb-c9e4-4460-a578-598aa36c5d45,ChirpStack,monitoring,LSN50v2-S31,LST25502631,a840419f918523a7,CLASS_A,01e453a1,50019.0,2.0,False,True,2.0,au915_0,"{""Digital_IStatus"": ""L"", ""Door_status"": ""OPEN"", ""BatV"": 3.651, ""EXTI_Trigger"": ""FALSE"", ""TempC1"": 0, ""Hum_SHT"": 100, ""ADC_CH0V"": 0.583, ""Work_mode"": ""IIC"", ""TempC_SHT"": 12.4}",Gully,-38.6949,143.7737,179.0,"{""alt"": ""179.0"", ""site"": ""Gully"", ""geojson"": ""{\""type\"":\""Point\"",\""coordinates\"":[143.7737,-38.6949,179.0]}"", ""lon"": ""143.7737"", ""lat"": ""-38.6949""}",a84041ffff26623c,-118.0,1.0,12.4,100.0,3.651,OPEN,0.583,L,IIC,0.0,12.4,100.0,,,,,,,,,,,,,,,,,,,,
6a001c9e29c3f904d39110fa,2026-05-10T05:50:22.273681+00:00,2026-05-10T05:50:22.521Z,1778392222522.0,application/3a8594c3-7866-4007-9786-b5ec52b2d117/device/a840419f918523a7/event/up,a2b13e29-daa2-4931-bc17-8a52b5997347,ChirpStack,monitoring,LSN50v2-S31,LST25502631,a840419f918523a7,CLASS_A,01e453a1,50021.0,2.0,False,True,2.0,au915_0,"{""BatV"": 3.651, ""Digital_IStatus"": ""L"", ""EXTI_Trigger"": ""FALSE"", ""Door_status"": ""OPEN"", ""Work_mode"": ""IIC"", ""ADC_CH0V"": 0.584, ""Hum_SHT"": 100, ""TempC1"": 0, ""TempC_SHT"": 12.4}",Gully,-38.6949,143.7737,179.0,"{""site"": ""Gully"", ""geojson"": ""{\""type\"":\""Point\"",\""coordinates\"":[143.7737,-38.6949,179.0]}"", ""alt"": ""179.0"", ""lat"": ""-38.6949"", ""lon"": ""143.7737""}",a84041ffff26623c,-117.0,2.0,12.4,100.0,3.651,OPEN,0.584,L,IIC,0.0,12.4,100.0,,,,,,,,,,,,,,,,,,,,
6a00214e29c3f904d39110fe,2026-05-10T06:10:22.264304+00:00,2026-05-10T06:10:22.506Z,1778393422507.0,application/3a8594c3-7866-4007-9786-b5ec52b2d117/device/a840419f918523a7/event/up,5ef69cd0-fb45-4b6f-a537-bc44e9dd2728,ChirpStack,monitoring,LSN50v2-S31,LST25502631,a840419f918523a7,CLASS_A,01e453a1,50022.0,2.0,False,True,2.0,au915_0,"{""ADC_CH0V"": 0.582, ""BatV"": 3.651, ""Hum_SHT"": 100, ""TempC1"": 0, ""EXTI_Trigger"": ""FALSE"", ""Door_status"": ""OPEN"", ""Work_mode"": ""IIC"", ""TempC_SHT"": 12.3, ""Digital_IStatus"": ""L""}",Gully,-38.6949,143.7737,179.0,"{""lon"": ""143.7737"", ""alt"": ""179.0"", ""geojson"": ""{\""type\"":\""Point\"",\""coordinates\"":[143.7737,-38.6949,179.0]}"", ""lat"": ""-38.6949"", ""site"": ""Gully""}",a84041ffff26623c,-112.0,-2.0,12.3,100.0,3.651,OPEN,0.582,L,IIC,0.0,12.3,100.0,,,,,,,,,,,,,,,,,,,,
6a0025fe29c3f904d3911102,2026-05-10T06:30:22.248179+00:00,2026-05-10T06:30:22.491Z,1778394622492.0,application/3a8594c3-7866-4007-9786-b5ec52b2d117/device/a840419f918523a7/event/up,64318c96-76fb-455c-9d05-7ca2e46ca074,ChirpStack,monitoring,LSN50v2-S31,LST25502631,a840419f918523a7,CLASS_A,01e453a1,50023.0,2.0,False,True,2.0,au915_0,"{""Hum_SHT"": 100, ""Work_mode"": ""IIC"", ""TempC_SHT"": 12.3, ""ADC_CH0V"": 0.581, ""TempC1"": 0, ""Door_status"": ""OPEN"", ""BatV"": 3.651, ""EXTI_Trigger"": ""FALSE"", ""Digital_IStatus"": ""L""}",Gully,-38.6949,143.7737,179.0,"{""site"": ""Gully"", ""lon"": ""143.7737"", ""geojson"": ""{\""type\"":\""Point\"",\""coordinates\"":[143.7737,-38.6949,179.0]}"", ""alt"": ""179.0"", ""lat"": ""-38.6949""}",a84041ffff26623c,-112.0,-1.2,12.3,100.0,3.651,OPEN,0.581,L,IIC,0.0,12.3,100.0,,,,,,,,,,,,,,,,,,,,
6a002aae29c3f904d3911106,2026-05-10T06:50:22.243688+00:00,2026-05-10T06:50:22.481Z,1778395822482.0,application/3a8594c3-7866-4007-9786-b5ec52b2d117/device/a840419f918523a7/event/up,e8c0bcc8-55b1-454f-b549-596d405622e7,ChirpStack,monitoring,LSN50v2-S31,LST25502631,a840419f918523a7,CLASS_A,01e453a1,50024.0,2.0,False,True,2.0,au915_0,"{""Door_status"": ""OPEN"", ""EXTI_Trigger"": ""FALSE"", ""Hum_SHT"": 100, ""TempC1"": 0, ""Work_mode"": ""IIC"", ""ADC_CH0V"": 0.579, ""BatV"": 3.651, ""Digital_IStatus"": ""L"", ""TempC_SHT"": 12.3}",Gully,-38.6949,143.7737,179.0,"{""lat"": ""-38.6949"", ""geojson"": ""{\""type\"":\""Point\"",\""coordinates\"":[143.7737,-38.6949,179.0]}"", ""site"": ""Gully"", ""alt"": ""179.0"", ""lon"": ""143.7737""}",a84041ffff26623c,-112.0,-2.5,12.3,100.0,3.651,OPEN,0.579,L,IIC,0.0,12.3,100.0,,,,,,,,,,,,,,,,,,,,
6a002f5e29c3f904d391110b,2026-05-10T07:10:22.230034+00:00,2026-05-10T07:10:22.470Z,1778397022470.0,application/3a8594c3-7866-4007-9786-b5ec52b2d117/device/a840419f918523a7/event/up,7dc20021-0177-43e0-9a38-004d8db85d89,ChirpStack,monitoring,LSN50v2-S31,LST25502631,a840419f918523a7,CLASS_A,01e453a1,50025.0,2.0,False,True,2.0,au915_0,"{""Hum_SHT"": 100, ""TempC_SHT"": 12.2, ""ADC_CH0V"": 0.576, ""TempC1"": 0, ""BatV"": 3.651, ""Work_mode"": ""IIC"", ""Digital_IStatus"": ""L"", ""EXTI_Trigger"": ""FALSE"", ""Door_status"": ""OPEN""}",Gully,-38.6949,143.7737,179.0,"{""site"": ""Gully"", ""lat"": ""-38.6949"", ""lon"": ""143.7737"", ""alt"": ""179.0"", ""geojson"": ""{\""type\"":\""Point\"",\""coordinates\"":[143.7737,-38.6949,179.0]}""}",a84041ffff26623c,-112.0,-1.5,12.2,100.0,3.651,OPEN,0.576,L,IIC,0.0,12.2,100.0,,,,,,,,,,,,,,,,,,,,
69fee29a4799c2c468209166,2026-05-09T07:30:34.698268+00:00,2026-05-09T07:30:34.956Z,1778311834956.0,application/3a8594c3-7866-4007-9786-b5ec52b2d117/device/a8404142118523b1/event/up,630795f9-7897-4674-aa0c-6d1c142481bc,ChirpStack,monitoring,LSN50v2-S31,LST25502641,a8404142118523b1,CLASS_A,01eeaa71,49954.0,2.0,False,True,2.0,au915_0,"{""ADC_CH0V"": 0.372, ""EXTI_Trigger"": ""FALSE"", ""BatV"": 3.662, ""TempC_SHT"": 11.3, ""Door_status"": ""OPEN"", ""Digital_IStatus"": ""L"", ""Work_mode"": ""IIC"", ""Hum_SHT"": 96.9, ""TempC1"": 0}",Outside Shed,-38.6956,143.7737,171.0,"{""lat"": ""-38.6956"", ""geojson"": ""{\""type\"":\""Point\"",\""coordinates\"":[143.7737,-38.6956,171.0]}"", ""lon"": ""143.7737"", ""alt"": ""171.0"", ""site"": ""Outside Shed""}",a84041ffff26623c,-81.0,12.8,11.3,96.9,3.662,OPEN,0.372,L,IIC,0.0,11.3,96.9,,,,,,,,,,,,,,,,,,,,
69fee74a4799c2c468209169,2026-05-09T07:50:34.710390+00:00,2026-05-09T07:50:34.969Z,1778313034969.0,application/3a8594c3-7866-4007-9786-b5ec52b2d117/device/a8404142118523b1/event/up,733e0147-a9b7-4d5e-bdf4-e475fe85e58a,ChirpStack,monitoring,LSN50v2-S31,LST25502641,a8404142118523b1,CLASS_A,01eeaa71,49955.0,2.0,False,True,2.0,au915_0,"{""Digital_IStatus"": ""L"", ""Hum_SHT"": 97.3, ""Door_status"": ""OPEN"", ""TempC_SHT"": 11, ""TempC1"": 0, ""BatV"": 3.659, ""EXTI_Trigger"": ""FALSE"", ""ADC_CH0V"": 0.369, ""Work_mode"": ""IIC""}",Outside Shed,-38.6956,143.7737,171.0,"{""alt"": ""171.0"", ""geojson"": ""{\""type\"":\""Point\"",\""coordinates\"":[143.7737,-38.6956,171.0]}"", ""lon"": ""143.7737"", ""lat"": ""-38.6956"", ""site"": ""Outside Shed""}",a84041ffff26623c,-79.0,13.0,11.0,97.3,3.659,OPEN,0.369,L,IIC,0.0,11.0,97.3,,,,,,,,,,,,,,,,,,,,
69feebfa4799c2c46820916b,2026-05-09T08:10:34.718052+00:00,2026-05-09T08:10:34.944Z,1778314234944.0,application/3a8594c3-7866-4007-9786-b5ec52b2d117/device/a8404142118523b1/event/up,070d2334-2657-44b1-adf2-f3818d4d2864,ChirpStack,monitoring,LSN50v2-S31,LST25502641,a8404142118523b1,CLASS_A,01eeaa71,49956.0,2.0,False,True,2.0,au915_0,"{""Digital_IStatus"": ""L"", ""Door_status"": ""OPEN"", ""Hum_SHT"": 97.7, ""TempC_SHT"": 10.8, ""Work_mode"": ""IIC"", ""EXTI_Trigger"": ""FALSE"", ""BatV"": 3.659, ""TempC1"": 0, ""ADC_CH0V"": 0.368}",Outside Shed,-38.6956,143.7737,171.0,"{""site"": ""Outside Shed"", ""lat"": ""-38.6956"", ""geojson"": ""{\""type\"":\""Point\"",\""coordinates\"":[143.7737,-38.6956,171.0]}"", ""lon"": ""143.7737"", ""alt"": ""171.0""}",a84041ffff26623c,-75.0,10.0,10.8,97.7,3.659,OPEN,0.368,L,IIC,0.0,10.8,97.7,,,,,,,,,,,,,,,,,,,,
69fef0aa4799c2c46820916e,2026-05-09T08:30:34.720381+00:00,2026-05-09T08:30:34.941Z,1778315434941.0,application/3a8594c3-7866-4007-9786-b5ec52b2d117/device/a8404142118523b1/event/up,34c43b97-11f0-4528-bb37-82f6a1e0c3fc,ChirpStack,monitoring,LSN50v2-S31,LST25502641,a8404142118523b1,CLASS_A,01eeaa71,49957.0,2.0,False,True,2.0,au915_0,"{""Work_mode"": ""IIC"", ""BatV"": 3.659, ""ADC_CH0V"": 0.365, ""Digital_IStatus"": ""L"", ""TempC1"": 0, ""Hum_SHT"": 97.7, ""Door_status"": ""OPEN"", ""TempC_SHT"": 10.4, ""EXTI_Trigger"": ""FALSE""}",Outside Shed,-38.6956,143.7737,171.0,"{""geojson"": ""{\""type\"":\""Point\"",\""coordinates\"":[143.7737,-38.6956,171.0]}"", ""lon"": ""143.7737"", ""lat"": ""-38.6956"", ""alt"": ""171.0"", ""site"": ""Outside Shed""}",a84041ffff26623c,-79.0,11.5,10.4,97.7,3.659,OPEN,0.365,L,IIC,0.0,10.4,97.7,,,,,,,,,,,,,,,,,,,,
69fefa0a4799c2c468209175,2026-05-09T09:10:34.738541+00:00,2026-05-09T09:10:34.961Z,1778317834962.0,application/3a8594c3-7866-4007-9786-b5ec52b2d117/device/a8404142118523b1/event/up,a9e3144c-3e7d-4539-8b66-e5ab87613d02,ChirpStack,monitoring,LSN50v2-S31,LST25502641,a8404142118523b1,CLASS_A,01eeaa71,49959.0,2.0,False,True,2.0,au915_0,"{""EXTI_Trigger"": ""FALSE"", ""Work_mode"": ""IIC"", ""Digital_IStatus"": ""L"", ""TempC_SHT"": 10, ""Hum_SHT"": 98.4, ""ADC_CH0V"": 0.362, ""TempC1"": 0, ""Door_status"": ""OPEN"", ""BatV"": 3.659}",Outside Shed,-38.6956,143.7737,171.0,"{""lat"": ""-38.6956"", ""geojson"": ""{\""type\"":\""Point\"",\""coordinates\"":[143.7737,-38.6956,171.0]}"", ""alt"": ""171.0"", ""lon"": ""143.7737"", ""site"": ""Outside Shed""}",a84041ffff26623c,-97.0,6.2,10.0,98.4,3.659,OPEN,0.362,L,IIC,0.0,10.0,98.4,,,,,,,,,,,,,,,,,,,,
69fefeba4799c2c468209178,2026-05-09T09:30:34.093101+00:00,2026-05-09T09:30:34.319Z,1778319034320.0,application/3a8594c3-7866-4007-9786-b5ec52b2d117/device/a8404142118523b1/event/up,ad401cdf-c8c1-438c-951f-eb1580bf991a,ChirpStack,monitoring,LSN50v2-S31,LST25502641,a8404142118523b1,CLASS_A,01eeaa71,49960.0,2.0,False,True,2.0,au915_0,"{""Work_mode"": ""IIC"", ""EXTI_Trigger"": ""FALSE"", ""Hum_SHT"": 98.5, ""BatV"": 3.659, ""TempC1"": 0, ""ADC_CH0V"": 0.362, ""Digital_IStatus"": ""L"", ""TempC_SHT"": 9.9, ""Door_status"": ""OPEN""}",Outside Shed,-38.6956,143.7737,171.0,"{""geojson"": ""{\""type\"":\""Point\"",\""coordinates\"":[143.7737,-38.6956,171.0]}"", ""alt"": ""171.0"", ""site"": ""Outside Shed"", ""lat"": ""-38.6956"", ""lon"": ""143.7737""}",a84041ffff26623c,-72.0,13.8,9.9,98.5,3.659,OPEN,0.362,L,IIC,0.0,9.9,98.5,,,,,,,,,,,,,,,,,,,,
69ff036b4799c2c46820917b,2026-05-09T09:50:34.764542+00:00,2026-05-09T09:50:34.999Z,1778320235000.0,application/3a8594c3-7866-4007-9786-b5ec52b2d117/device/a8404142118523b1/event/up,98ea38a9-f952-41c6-b834-4a1825007161,ChirpStack,monitoring,LSN50v2-S31,LST25502641,a8404142118523b1,CLASS_A,01eeaa71,49961.0,2.0,False,True,2.0,au915_0,"{""BatV"": 3.659, ""ADC_CH0V"": 0.362, ""Work_mode"": ""IIC"", ""TempC_SHT"": 10, ""Digital_IStatus"": ""L"", ""TempC1"": 0, ""Door_status"": ""OPEN"", ""EXTI_Trigger"": ""FALSE"", ""Hum_SHT"": 98.9}",Outside Shed,-38.6956,143.7737,171.0,"{""site"": ""Outside Shed"", ""lat"": ""-38.6956"", ""alt"": ""171.0"", ""geojson"": ""{\""type\"":\""Point\"",\""coordinates\"":[143.7737,-38.6956,171.0]}"", ""lon"": ""143.7737""}",a84041ffff26623c,-74.0,12.5,10.0,98.9,3.659,OPEN,0.362,L,IIC,0.0,10.0,98.9,,,,,,,,,,,,,,,,,,,,
69ff081a4799c2c468209180,2026-05-09T10:10:34.108384+00:00,2026-05-09T10:10:34.351Z,1778321434351.0,application/3a8594c3-7866-4007-9786-b5ec52b2d117/device/a8404142118523b1/event/up,cefc1af8-7cb7-4143-9c4f-f1f0f5ede8c6,ChirpStack,monitoring,LSN50v2-S31,LST25502641,a8404142118523b1,CLASS_A,01eeaa71,49962.0,2.0,False,True,2.0,au915_0,"{""Work_mode"": ""IIC"", ""EXTI_Trigger"": ""FALSE"", ""Hum_SHT"": 99.4, ""TempC_SHT"": 10.7, ""Digital_IStatus"": ""L"", ""Door_status"": ""OPEN"", ""TempC1"": 0, ""BatV"": 3.659, ""ADC_CH0V"": 0.369}",Outside Shed,-38.6956,143.7737,171.0,"{""site"": ""Outside Shed"", ""lat"": ""-38.6956"", ""alt"": ""171.0"", ""lon"": ""143.7737"", ""geojson"": ""{\""type\"":\""Point\"",\""coordinates\"":[143.7737,-38.6956,171.0]}""}",a84041ffff26623c,-75.0,14.2,10.7,99.4,3.659,OPEN,0.369,L,IIC,0.0,10.7,99.4,,,,,,,,,,,,,,,,,,,,
69ff0ccb4799c2c468209181,2026-05-09T10:30:34.775841+00:00,2026-05-09T10:30:35.039Z,1778322635039.0,application/3a8594c3-7866-4007-9786-b5ec52b2d117/device/a8404142118523b1/event/up,280ecef8-3310-490c-8410-ae2cc7b5c463,ChirpStack,monitoring,LSN50v2-S31,LST25502641,a8404142118523b1,CLASS_A,01eeaa71,49963.0,2.0,False,True,2.0,au915_0,"{""TempC_SHT"": 11, ""ADC_CH0V"": 0.375, ""EXTI_Trigger"": ""FALSE"", ""Door_status"": ""OPEN"", ""Hum_SHT"": 99.3, ""Work_mode"": ""IIC"", ""Digital_IStatus"": ""L"", ""BatV"": 3.659, ""TempC1"": 0}",Outside Shed,-38.6956,143.7737,171.0,"{""lat"": ""-38.6956"", ""lon"": ""143.7737"", ""site"": ""Outside Shed"", ""geojson"": ""{\""type\"":\""Point\"",\""coordinates\"":[143.7737,-38.6956,171.0]}"", ""alt"": ""171.0""}",a84041ffff26623c,-73.0,13.8,11.0,99.3,3.659,OPEN,0.375,L,IIC,0.0,11.0,99.3,,,,,,,,,,,,,,,,,,,,
69ff117b4799c2c468209184,2026-05-09T10:50:34.787876+00:00,2026-05-09T10:50:35.036Z,1778323835037.0,application/3a8594c3-7866-4007-9786-b5ec52b2d117/device/a8404142118523b1/event/up,396f147e-713e-4259-b2a6-98f9c5dce02d,ChirpStack,monitoring,LSN50v2-S31,LST25502641,a8404142118523b1,CLASS_A,01eeaa71,49964.0,2.0,False,True,2.0,au915_0,"{""Work_mode"": ""IIC"", ""Hum_SHT"": 99.1, ""ADC_CH0V"": 0.376, ""EXTI_Trigger"": ""FALSE"", ""BatV"": 3.659, ""Digital_IStatus"": ""L"", ""Door_status"": ""OPEN"", ""TempC_SHT"": 11, ""TempC1"": 0}",Outside Shed,-38.6956,143.7737,171.0,"{""lon"": ""143.7737"", ""lat"": ""-38.6956"", ""geojson"": ""{\""type\"":\""Point\"",\""coordinates\"":[143.7737,-38.6956,171.0]}"", ""site"": ""Outside Shed"", ""alt"": ""171.0""}",a84041ffff26623c,-77.0,14.8,11.0,99.1,3.659,OPEN,0.376,L,IIC,0.0,11.0,99.1,,,,,,,,,,,,,,,,,,,,
69ff162b4799c2c468209188,2026-05-09T11:10:34.807077+00:00,2026-05-09T11:10:35.035Z,1778325035035.0,application/3a8594c3-7866-4007-9786-b5ec52b2d117/device/a8404142118523b1/event/up,4288f844-a83f-43d2-9a48-f9d233dd8aaa,ChirpStack,monitoring,LSN50v2-S31,LST25502641,a8404142118523b1,CLASS_A,01eeaa71,49965.0,2.0,False,True,2.0,au915_0,"{""BatV"": 3.659, ""Work_mode"": ""IIC"", ""TempC_SHT"": 11, ""TempC1"": 0, ""Digital_IStatus"": ""L"", ""Hum_SHT"": 98.7, ""Door_status"": ""OPEN"", ""EXTI_Trigger"": ""FALSE"", ""ADC_CH0V"": 0.377}",Outside Shed,-38.6956,143.7737,171.0,"{""lon"": ""143.7737"", ""alt"": ""171.0"", ""site"": ""Outside Shed"", ""geojson"": ""{\""type\"":\""Point\"",\""coordinates\"":[143.7737,-38.6956,171.0]}"", ""lat"": ""-38.6956""}",a84041ffff26623c,-73.0,8.8,11.0,98.7,3.659,OPEN,0.377,L,IIC,0.0,11.0,98.7,,,,,,,,,,,,,,,,,,,,
69ff1ada4799c2c46820918a,2026-05-09T11:30:34.136230+00:00,2026-05-09T11:30:34.363Z,1778326234363.0,application/3a8594c3-7866-4007-9786-b5ec52b2d117/device/a8404142118523b1/event/up,ba32393f-c342-4eaf-8868-4babc104fe10,ChirpStack,monitoring,LSN50v2-S31,LST25502641,a8404142118523b1,CLASS_A,01eeaa71,49966.0,2.0,False,True,2.0,au915_0,"{""ADC_CH0V"": 0.377, ""TempC_SHT"": 11, ""Digital_IStatus"": ""L"", ""TempC1"": 0, ""BatV"": 3.659, ""Door_status"": ""OPEN"", ""Work_mode"": ""IIC"", ""EXTI_Trigger"": ""FALSE"", ""Hum_SHT"": 98.6}",Outside Shed,-38.6956,143.7737,171.0,"{""alt"": ""171.0"", ""geojson"": ""{\""type\"":\""Point\"",\""coordinates\"":[143.7737,-38.6956,171.0]}"", ""site"": ""Outside Shed"", ""lat"": ""-38.6956"", ""lon"": ""143.7737""}",a84041ffff26623c,-78.0,14.0,11.0,98.6,3.659,OPEN,0.377,L,IIC,0.0,11.0,98.6,,,,,,,,,,,,,,,,,,,,
69ff1f8b4799c2c46820918e,2026-05-09T11:50:34.804361+00:00,2026-05-09T11:50:35.030Z,1778327435030.0,application/3a8594c3-7866-4007-9786-b5ec52b2d117/device/a8404142118523b1/event/up,a352fbfb-5437-468f-906e-4548cbe3d60f,ChirpStack,monitoring,LSN50v2-S31,LST25502641,a8404142118523b1,CLASS_A,01eeaa71,49967.0,2.0,False,True,2.0,au915_0,"{""Door_status"": ""OPEN"", ""Work_mode"": ""IIC"", ""ADC_CH0V"": 0.378, ""EXTI_Trigger"": ""FALSE"", ""Digital_IStatus"": ""L"", ""TempC_SHT"": 11.2, ""BatV"": 3.659, ""TempC1"": 0, ""Hum_SHT"": 98.7}",Outside Shed,-38.6956,143.7737,171.0,"{""alt"": ""171.0"", ""site"": ""Outside Shed"", ""geojson"": ""{\""type\"":\""Point\"",\""coordinates\"":[143.7737,-38.6956,171.0]}"", ""lon"": ""143.7737"", ""lat"": ""-38.6956""}",a84041ffff26623c,-76.0,14.8,11.2,98.7,3.659,OPEN,0.378,L,IIC,0.0,11.2,98.7,,,,,,,,,,,,,,,,,,,,
69ff243b4799c2c468209192,2026-05-09T12:10:34.816087+00:00,2026-05-09T12:10:35.043Z,1778328635044.0,application/3a8594c3-7866-4007-9786-b5ec52b2d117/device/a8404142118523b1/event/up,0b2bc310-3482-4716-926b-a61396b9b53c,ChirpStack,monitoring,LSN50v2-S31,LST25502641,a8404142118523b1,CLASS_A,01eeaa71,49968.0,2.0,False,True,2.0,au915_0,"{""TempC1"": 0, ""BatV"": 3.659, ""TempC_SHT"": 11.4, ""EXTI_Trigger"": ""FALSE"", ""ADC_CH0V"": 0.382, ""Door_status"": ""OPEN"", ""Digital_IStatus"": ""L"", ""Work_mode"": ""IIC"", ""Hum_SHT"": 98.6}",Outside Shed,-38.6956,143.7737,171.0,"{""lon"": ""143.7737"", ""geojson"": ""{\""type\"":\""Point\"",\""coordinates\"":[143.7737,-38.6956,171.0]}"", ""alt"": ""171.0"", ""site"": ""Outside Shed"", ""lat"": ""-38.6956""}",a84041ffff26623c,-70.0,14.5,11.4,98.6,3.659,OPEN,0.382,L,IIC,0.0,11.4,98.6,,,,,,,,,,,,,,,,,,,,
69ff28eb4799c2c468209194,2026-05-09T12:30:34.815557+00:00,2026-05-09T12:30:35.060Z,1778329835060.0,application/3a8594c3-7866-4007-9786-b5ec52b2d117/device/a8404142118523b1/event/up,2995bbca-b741-4169-abc4-a6cd162a6077,ChirpStack,monitoring,LSN50v2-S31,LST25502641,a8404142118523b1,CLASS_A,01eeaa71,49969.0,2.0,False,True,2.0,au915_0,"{""ADC_CH0V"": 0.385, ""Door_status"": ""OPEN"", ""EXTI_Trigger"": ""FALSE"", ""BatV"": 3.659, ""TempC1"": 0, ""TempC_SHT"": 11.4, ""Work_mode"": ""IIC"", ""Hum_SHT"": 98.5, ""Digital_IStatus"": ""L""}",Outside Shed,-38.6956,143.7737,171.0,"{""lon"": ""143.7737"", ""site"": ""Outside Shed"", ""geojson"": ""{\""type\"":\""Point\"",\""coordinates\"":[143.7737,-38.6956,171.0]}"", ""lat"": ""-38.6956"", ""alt"": ""171.0""}",a84041ffff26623c,-76.0,12.8,11.4,98.5,3.659,OPEN,0.385,L,IIC,0.0,11.4,98.5,,,,,,,,,,,,,,,,,,,,
69ff2d9b4799c2c468209197,2026-05-09T12:50:34.824771+00:00,2026-05-09T12:50:35.097Z,1778331035098.0,application/3a8594c3-7866-4007-9786-b5ec52b2d117/device/a8404142118523b1/event/up,2e7f06ea-50bd-4aff-bd96-e3aa7a8a06a2,ChirpStack,monitoring,LSN50v2-S31,LST25502641,a8404142118523b1,CLASS_A,01eeaa71,49970.0,2.0,False,True,2.0,au915_0,"{""TempC1"": 0, ""Digital_IStatus"": ""L"", ""Door_status"": ""OPEN"", ""Hum_SHT"": 98.7, ""TempC_SHT"": 11.4, ""BatV"": 3.659, ""EXTI_Trigger"": ""FALSE"", ""ADC_CH0V"": 0.386, ""Work_mode"": ""IIC""}",Outside Shed,-38.6956,143.7737,171.0,"{""site"": ""Outside Shed"", ""lon"": ""143.7737"", ""geojson"": ""{\""type\"":\""Point\"",\""coordinates\"":[143.7737,-38.6956,171.0]}"", ""lat"": ""-38.6956"", ""alt"": ""171.0""}",a84041ffff26623c,-72.0,13.8,11.4,98.7,3.659,OPEN,0.386,L,IIC,0.0,11.4,98.7,,,,,,,,,,,,,,,,,,,,
69ff324b4799c2c46820919a,2026-05-09T13:10:34.829947+00:00,2026-05-09T13:10:35.076Z,1778332235076.0,application/3a8594c3-7866-4007-9786-b5ec52b2d117/device/a8404142118523b1/event/up,1e65ce4c-be76-42c8-af91-bd336e9f5f92,ChirpStack,monitoring,LSN50v2-S31,LST25502641,a8404142118523b1,CLASS_A,01eeaa71,49971.0,2.0,False,True,2.0,au915_0,"{""TempC_SHT"": 11.5, ""BatV"": 3.659, ""TempC1"": 0, ""Digital_IStatus"": ""L"", ""Door_status"": ""OPEN"", ""EXTI_Trigger"": ""FALSE"", ""Work_mode"": ""IIC"", ""ADC_CH0V"": 0.386, ""Hum_SHT"": 98.9}",Outside Shed,-38.6956,143.7737,171.0,"{""lat"": ""-38.6956"", ""site"": ""Outside Shed"", ""lon"": ""143.7737"", ""alt"": ""171.0"", ""geojson"": ""{\""type\"":\""Point\"",\""coordinates\"":[143.7737,-38.6956,171.0]}""}",a84041ffff26623c,-72.0,13.0,11.5,98.9,3.659,OPEN,0.386,L,IIC,0.0,11.5,98.9,,,,,,,,,,,,,,,,,,,,
69ff36fb4799c2c46820919d,2026-05-09T13:30:34.836143+00:00,2026-05-09T13:30:35.077Z,1778333435077.0,application/3a8594c3-7866-4007-9786-b5ec52b2d117/device/a8404142118523b1/event/up,a44378b9-dbbb-40de-8ced-a8a58814ae6c,ChirpStack,monitoring,LSN50v2-S31,LST25502641,a8404142118523b1,CLASS_A,01eeaa71,49972.0,2.0,False,True,2.0,au915_0,"{""ADC_CH0V"": 0.386, ""TempC_SHT"": 11.5, ""TempC1"": 0, ""Hum_SHT"": 99, ""Door_status"": ""OPEN"", ""Digital_IStatus"": ""L"", ""BatV"": 3.659, ""Work_mode"": ""IIC"", ""EXTI_Trigger"": ""FALSE""}",Outside Shed,-38.6956,143.7737,171.0,"{""lat"": ""-38.6956"", ""lon"": ""143.7737"", ""site"": ""Outside Shed"", ""geojson"": ""{\""type\"":\""Point\"",\""coordinates\"":[143.7737,-38.6956,171.0]}"", ""alt"": ""171.0""}",a84041ffff26623c,-74.0,11.5,11.5,99.0,3.659,OPEN,0.386,L,IIC,0.0,11.5,99.0,,,,,,,,,,,,,,,,,,,,
69ff3bab4799c2c4682091a0,2026-05-09T13:50:34.836894+00:00,2026-05-09T13:50:35.084Z,1778334635084.0,application/3a8594c3-7866-4007-9786-b5ec52b2d117/device/a8404142118523b1/event/up,dc786fb9-eff2-4ea1-b3b9-ad15f84f5583,ChirpStack,monitoring,LSN50v2-S31,LST25502641,a8404142118523b1,CLASS_A,01eeaa71,49973.0,2.0,False,True,2.0,au915_0,"{""Work_mode"": ""IIC"", ""Digital_IStatus"": ""L"", ""ADC_CH0V"": 0.384, ""TempC_SHT"": 11.6, ""Hum_SHT"": 99.2, ""TempC1"": 0, ""Door_status"": ""OPEN"", ""BatV"": 3.659, ""EXTI_Trigger"": ""FALSE""}",Outside Shed,-38.6956,143.7737,171.0,"{""lon"": ""143.7737"", ""alt"": ""171.0"", ""lat"": ""-38.6956"", ""geojson"": ""{\""type\"":\""Point\"",\""coordinates\"":[143.7737,-38.6956,171.0]}"", ""site"": ""Outside Shed""}",a84041ffff26623c,-77.0,14.2,11.6,99.2,3.659,OPEN,0.384,L,IIC,0.0,11.6,99.2,,,,,,,,,,,,,,,,,,,,
69ff405b4799c2c4682091a4,2026-05-09T14:10:34.845635+00:00,2026-05-09T14:10:35.090Z,1778335835090.0,application/3a8594c3-7866-4007-9786-b5ec52b2d117/device/a8404142118523b1/event/up,79e29ac9-6d74-4597-924b-d2cfa890d5c7,ChirpStack,monitoring,LSN50v2-S31,LST25502641,a8404142118523b1,CLASS_A,01eeaa71,49974.0,2.0,False,True,2.0,au915_0,"{""BatV"": 3.659, ""Hum_SHT"": 99, ""ADC_CH0V"": 0.387, ""Work_mode"": ""IIC"", ""EXTI_Trigger"": ""FALSE"", ""TempC1"": 0, ""Digital_IStatus"": ""L"", ""Door_status"": ""OPEN"", ""TempC_SHT"": 11.4}",Outside Shed,-38.6956,143.7737,171.0,"{""lon"": ""143.7737"", ""alt"": ""171.0"", ""geojson"": ""{\""type\"":\""Point\"",\""coordinates\"":[143.7737,-38.6956,171.0]}"", ""site"": ""Outside Shed"", ""lat"": ""-38.6956""}",a84041ffff26623c,-77.0,13.8,11.4,99.0,3.659,OPEN,0.387,L,IIC,0.0,11.4,99.0,,,,,,,,,,,,,,,,,,,,
69ff450b4799c2c4682091a7,2026-05-09T14:30:34.850745+00:00,2026-05-09T14:30:35.085Z,1778337035085.0,application/3a8594c3-7866-4007-9786-b5ec52b2d117/device/a8404142118523b1/event/up,3dc5ab58-aef5-49f1-bcda-12f439e5892d,ChirpStack,monitoring,LSN50v2-S31,LST25502641,a8404142118523b1,CLASS_A,01eeaa71,49975.0,2.0,False,True,2.0,au915_0,"{""EXTI_Trigger"": ""FALSE"", ""Digital_IStatus"": ""L"", ""Work_mode"": ""IIC"", ""Hum_SHT"": 99.3, ""Door_status"": ""OPEN"", ""ADC_CH0V"": 0.389, ""TempC_SHT"": 11.4, ""TempC1"": 0, ""BatV"": 3.659}",Outside Shed,-38.6956,143.7737,171.0,"{""lon"": ""143.7737"", ""lat"": ""-38.6956"", ""alt"": ""171.0"", ""geojson"": ""{\""type\"":\""Point\"",\""coordinates\"":[143.7737,-38.6956,171.0]}"", ""site"": ""Outside Shed""}",a84041ffff26623c,-73.0,14.0,11.4,99.3,3.659,OPEN,0.389,L,IIC,0.0,11.4,99.3,,,,,,,,,,,,,,,,,,,,
69ff49bb4799c2c4682091ab,2026-05-09T14:50:34.861188+00:00,2026-05-09T14:50:35.117Z,1778338235117.0,application/3a8594c3-7866-4007-9786-b5ec52b2d117/device/a8404142118523b1/event/up,f0f8bbbc-1729-4850-b2fb-352277d7c985,ChirpStack,monitoring,LSN50v2-S31,LST25502641,a8404142118523b1,CLASS_A,01eeaa71,49976.0,2.0,False,True,2.0,au915_0,"{""Door_status"": ""OPEN"", ""Hum_SHT"": 99.4, ""Work_mode"": ""IIC"", ""TempC1"": 0, ""BatV"": 3.659, ""EXTI_Trigger"": ""FALSE"", ""ADC_CH0V"": 0.39, ""Digital_IStatus"": ""L"", ""TempC_SHT"": 11.4}",Outside Shed,-38.6956,143.7737,171.0,"{""lon"": ""143.7737"", ""geojson"": ""{\""type\"":\""Point\"",\""coordinates\"":[143.7737,-38.6956,171.0]}"", ""alt"": ""171.0"", ""lat"": ""-38.6956"", ""site"": ""Outside Shed""}",a84041ffff26623c,-77.0,14.2,11.4,99.4,3.659,OPEN,0.39,L,IIC,0.0,11.4,99.4,,,,,,,,,,,,,,,,,,,,
69ff4e6b4799c2c4682091ae,2026-05-09T15:10:34.866010+00:00,2026-05-09T15:10:35.147Z,1778339435147.0,application/3a8594c3-7866-4007-9786-b5ec52b2d117/device/a8404142118523b1/event/up,085768a7-fee4-4347-a360-1e9e530f9ae6,ChirpStack,monitoring,LSN50v2-S31,LST25502641,a8404142118523b1,CLASS_A,01eeaa71,49977.0,2.0,False,True,2.0,au915_0,"{""TempC1"": 0, ""BatV"": 3.659, ""Work_mode"": ""IIC"", ""Hum_SHT"": 99.4, ""EXTI_Trigger"": ""FALSE"", ""TempC_SHT"": 11.3, ""ADC_CH0V"": 0.387, ""Digital_IStatus"": ""L"", ""Door_status"": ""OPEN""}",Outside Shed,-38.6956,143.7737,171.0,"{""geojson"": ""{\""type\"":\""Point\"",\""coordinates\"":[143.7737,-38.6956,171.0]}"", ""lon"": ""143.7737"", ""lat"": ""-38.6956"", ""site"": ""Outside Shed"", ""alt"": ""171.0""}",a84041ffff26623c,-78.0,14.0,11.3,99.4,3.659,OPEN,0.387,L,IIC,0.0,11.3,99.4,,,,,,,,,,,,,,,,,,,,
69ff531b4799c2c4682091b0,2026-05-09T15:30:34.868061+00:00,2026-05-09T15:30:35.138Z,1778340635138.0,application/3a8594c3-7866-4007-9786-b5ec52b2d117/device/a8404142118523b1/event/up,dddb6fdf-2957-4b2a-b4dc-329533dc2ea4,ChirpStack,monitoring,LSN50v2-S31,LST25502641,a8404142118523b1,CLASS_A,01eeaa71,49978.0,2.0,False,True,2.0,au915_0,"{""Hum_SHT"": 99.4, ""TempC1"": 0, ""ADC_CH0V"": 0.387, ""TempC_SHT"": 11.2, ""EXTI_Trigger"": ""FALSE"", ""Door_status"": ""OPEN"", ""Digital_IStatus"": ""L"", ""BatV"": 3.659, ""Work_mode"": ""IIC""}",Outside Shed,-38.6956,143.7737,171.0,"{""geojson"": ""{\""type\"":\""Point\"",\""coordinates\"":[143.7737,-38.6956,171.0]}"", ""lat"": ""-38.6956"", ""alt"": ""171.0"", ""site"": ""Outside Shed"", ""lon"": ""143.7737""}",a84041ffff26623c,-75.0,11.2,11.2,99.4,3.659,OPEN,0.387,L,IIC,0.0,11.2,99.4,,,,,,,,,,,,,,,,,,,,
69ff57cb4799c2c4682091b5,2026-05-09T15:50:34.885630+00:00,2026-05-09T15:50:35.156Z,1778341835157.0,application/3a8594c3-7866-4007-9786-b5ec52b2d117/device/a8404142118523b1/event/up,53d5e854-189f-4610-9e58-7621ae65a6a8,ChirpStack,monitoring,LSN50v2-S31,LST25502641,a8404142118523b1,CLASS_A,01eeaa71,49979.0,2.0,False,True,2.0,au915_0,"{""ADC_CH0V"": 0.388, ""Hum_SHT"": 99.5, ""EXTI_Trigger"": ""FALSE"", ""Door_status"": ""OPEN"", ""TempC1"": 0, ""Work_mode"": ""IIC"", ""BatV"": 3.659, ""Digital_IStatus"": ""L"", ""TempC_SHT"": 11.3}",Outside Shed,-38.6956,143.7737,171.0,"{""site"": ""Outside Shed"", ""geojson"": ""{\""type\"":\""Point\"",\""coordinates\"":[143.7737,-38.6956,171.0]}"", ""alt"": ""171.0"", ""lat"": ""-38.6956"", ""lon"": ""143.7737""}",a84041ffff26623c,-72.0,13.5,11.3,99.5,3.659,OPEN,0.388,L,IIC,0.0,11.3,99.5,,,,,,,,,,,,,,,,,,,,
69ff5c7b4799c2c4682091b8,2026-05-09T16:10:34.881769+00:00,2026-05-09T16:10:35.144Z,1778343035145.0,application/3a8594c3-7866-4007-9786-b5ec52b2d117/device/a8404142118523b1/event/up,6c643bb3-5b59-466c-8e5d-bc54fb363221,ChirpStack,monitoring,LSN50v2-S31,LST25502641,a8404142118523b1,CLASS_A,01eeaa71,49980.0,2.0,False,True,2.0,au915_0,"{""Door_status"": ""OPEN"", ""BatV"": 3.659, ""EXTI_Trigger"": ""FALSE"", ""Hum_SHT"": 99.5, ""TempC_SHT"": 11.3, ""Work_mode"": ""IIC"", ""Digital_IStatus"": ""L"", ""TempC1"": 0, ""ADC_CH0V"": 0.391}",Outside Shed,-38.6956,143.7737,171.0,"{""site"": ""Outside Shed"", ""lat"": ""-38.6956"", ""alt"": ""171.0"", ""geojson"": ""{\""type\"":\""Point\"",\""coordinates\"":[143.7737,-38.6956,171.0]}"", ""lon"": ""143.7737""}",a84041ffff26623c,-77.0,14.2,11.3,99.5,3.659,OPEN,0.391,L,IIC,0.0,11.3,99.5,,,,,,,,,,,,,,,,,,,,
69ff612b4799c2c4682091ba,2026-05-09T16:30:34.894236+00:00,2026-05-09T16:30:35.159Z,1778344235160.0,application/3a8594c3-7866-4007-9786-b5ec52b2d117/device/a8404142118523b1/event/up,6960b939-9930-4577-bbc3-58d2a7a00d49,ChirpStack,monitoring,LSN50v2-S31,LST25502641,a8404142118523b1,CLASS_A,01eeaa71,49981.0,2.0,False,True,2.0,au915_0,"{""EXTI_Trigger"": ""FALSE"", ""BatV"": 3.659, ""Work_mode"": ""IIC"", ""ADC_CH0V"": 0.392, ""TempC_SHT"": 11.3, ""TempC1"": 0, ""Hum_SHT"": 99.5, ""Digital_IStatus"": ""L"", ""Door_status"": ""OPEN""}",Outside Shed,-38.6956,143.7737,171.0,"{""lat"": ""-38.6956"", ""lon"": ""143.7737"", ""geojson"": ""{\""type\"":\""Point\"",\""coordinates\"":[143.7737,-38.6956,171.0]}"", ""site"": ""Outside Shed"", ""alt"": ""171.0""}",a84041ffff26623c,-73.0,11.2,11.3,99.5,3.659,OPEN,0.392,L,IIC,0.0,11.3,99.5,,,,,,,,,,,,,,,,,,,,
69ff65db4799c2c4682091be,2026-05-09T16:50:34.895618+00:00,2026-05-09T16:50:35.158Z,1778345435159.0,application/3a8594c3-7866-4007-9786-b5ec52b2d117/device/a8404142118523b1/event/up,c388f9ee-f182-4881-bd17-1873dd49b583,ChirpStack,monitoring,LSN50v2-S31,LST25502641,a8404142118523b1,CLASS_A,01eeaa71,49982.0,2.0,False,True,2.0,au915_0,"{""TempC_SHT"": 11.4, ""Door_status"": ""OPEN"", ""Digital_IStatus"": ""L"", ""BatV"": 3.659, ""Work_mode"": ""IIC"", ""Hum_SHT"": 99.6, ""EXTI_Trigger"": ""FALSE"", ""ADC_CH0V"": 0.393, ""TempC1"": 0}",Outside Shed,-38.6956,143.7737,171.0,"{""geojson"": ""{\""type\"":\""Point\"",\""coordinates\"":[143.7737,-38.6956,171.0]}"", ""lon"": ""143.7737"", ""lat"": ""-38.6956"", ""alt"": ""171.0"", ""site"": ""Outside Shed""}",a84041ffff26623c,-78.0,14.0,11.4,99.6,3.659,OPEN,0.393,L,IIC,0.0,11.4,99.6,,,,,,,,,,,,,,,,,,,,
69ff6a8b4799c2c4682091c3,2026-05-09T17:10:34.905551+00:00,2026-05-09T17:10:35.163Z,1778346635163.0,application/3a8594c3-7866-4007-9786-b5ec52b2d117/device/a8404142118523b1/event/up,b641846f-a4d4-4d14-ae8d-77f79e4e0bd7,ChirpStack,monitoring,LSN50v2-S31,LST25502641,a8404142118523b1,CLASS_A,01eeaa71,49983.0,2.0,False,True,2.0,au915_0,"{""Digital_IStatus"": ""L"", ""TempC1"": 0, ""Hum_SHT"": 99.5, ""ADC_CH0V"": 0.393, ""TempC_SHT"": 11.4, ""BatV"": 3.659, ""EXTI_Trigger"": ""FALSE"", ""Work_mode"": ""IIC"", ""Door_status"": ""OPEN""}",Outside Shed,-38.6956,143.7737,171.0,"{""geojson"": ""{\""type\"":\""Point\"",\""coordinates\"":[143.7737,-38.6956,171.0]}"", ""site"": ""Outside Shed"", ""lat"": ""-38.6956"", ""alt"": ""171.0"", ""lon"": ""143.7737""}",a84041ffff26623c,-74.0,14.0,11.4,99.5,3.659,OPEN,0.393,L,IIC,0.0,11.4,99.5,,,,,,,,,,,,,,,,,,,,
69ff6f3b4799c2c4682091c6,2026-05-09T17:30:34.916788+00:00,2026-05-09T17:30:35.177Z,1778347835177.0,application/3a8594c3-7866-4007-9786-b5ec52b2d117/device/a8404142118523b1/event/up,df3529ff-cf8b-487b-a9fc-f83cdb49867a,ChirpStack,monitoring,LSN50v2-S31,LST25502641,a8404142118523b1,CLASS_A,01eeaa71,49984.0,2.0,False,True,2.0,au915_0,"{""BatV"": 3.659, ""TempC_SHT"": 11.4, ""Hum_SHT"": 99.6, ""ADC_CH0V"": 0.394, ""TempC1"": 0, ""Door_status"": ""OPEN"", ""Work_mode"": ""IIC"", ""Digital_IStatus"": ""L"", ""EXTI_Trigger"": ""FALSE""}",Outside Shed,-38.6956,143.7737,171.0,"{""alt"": ""171.0"", ""lat"": ""-38.6956"", ""site"": ""Outside Shed"", ""lon"": ""143.7737"", ""geojson"": ""{\""type\"":\""Point\"",\""coordinates\"":[143.7737,-38.6956,171.0]}""}",a84041ffff26623c,-76.0,10.8,11.4,99.6,3.659,OPEN,0.394,L,IIC,0.0,11.4,99.6,,,,,,,,,,,,,,,,,,,,
69ff73eb4799c2c4682091cd,2026-05-09T17:50:34.915651+00:00,2026-05-09T17:50:35.182Z,1778349035183.0,application/3a8594c3-7866-4007-9786-b5ec52b2d117/device/a8404142118523b1/event/up,2119ef3e-9282-4ef8-aef9-99655cf7cc19,ChirpStack,monitoring,LSN50v2-S31,LST25502641,a8404142118523b1,CLASS_A,01eeaa71,49985.0,2.0,False,True,2.0,au915_0,"{""TempC_SHT"": 11.2, ""BatV"": 3.659, ""EXTI_Trigger"": ""FALSE"", ""Work_mode"": ""IIC"", ""Hum_SHT"": 99.4, ""TempC1"": 0, ""ADC_CH0V"": 0.393, ""Door_status"": ""OPEN"", ""Digital_IStatus"": ""L""}",Outside Shed,-38.6956,143.7737,171.0,"{""geojson"": ""{\""type\"":\""Point\"",\""coordinates\"":[143.7737,-38.6956,171.0]}"", ""lon"": ""143.7737"", ""lat"": ""-38.6956"", ""alt"": ""171.0"", ""site"": ""Outside Shed""}",a84041ffff26623c,-78.0,14.0,11.2,99.4,3.659,OPEN,0.393,L,IIC,0.0,11.2,99.4,,,,,,,,,,,,,,,,,,,,
69ff789b4799c2c4682091d1,2026-05-09T18:10:34.934673+00:00,2026-05-09T18:10:35.184Z,1778350235185.0,application/3a8594c3-7866-4007-9786-b5ec52b2d117/device/a8404142118523b1/event/up,a675d45c-4b15-471c-ab25-969a2a63455a,ChirpStack,monitoring,LSN50v2-S31,LST25502641,a8404142118523b1,CLASS_A,01eeaa71,49986.0,2.0,False,True,2.0,au915_0,"{""Hum_SHT"": 99, ""Door_status"": ""OPEN"", ""Work_mode"": ""IIC"", ""TempC_SHT"": 10.6, ""BatV"": 3.662, ""TempC1"": 0, ""Digital_IStatus"": ""L"", ""ADC_CH0V"": 0.385, ""EXTI_Trigger"": ""FALSE""}",Outside Shed,-38.6956,143.7737,171.0,"{""alt"": ""171.0"", ""lon"": ""143.7737"", ""geojson"": ""{\""type\"":\""Point\"",\""coordinates\"":[143.7737,-38.6956,171.0]}"", ""lat"": ""-38.6956"", ""site"": ""Outside Shed""}",a84041ffff26623c,-76.0,15.0,10.6,99.0,3.662,OPEN,0.385,L,IIC,0.0,10.6,99.0,,,,,,,,,,,,,,,,,,,,
69ff7d4b4799c2c4682091d3,2026-05-09T18:30:34.944939+00:00,2026-05-09T18:30:35.173Z,1778351435173.0,application/3a8594c3-7866-4007-9786-b5ec52b2d117/device/a8404142118523b1/event/up,69a7406c-4bfc-4f17-bf7d-da8e458eac9b,ChirpStack,monitoring,LSN50v2-S31,LST25502641,a8404142118523b1,CLASS_A,01eeaa71,49987.0,2.0,False,True,2.0,au915_0,"{""Work_mode"": ""IIC"", ""Digital_IStatus"": ""L"", ""TempC_SHT"": 9.9, ""ADC_CH0V"": 0.376, ""Hum_SHT"": 98.9, ""EXTI_Trigger"": ""FALSE"", ""TempC1"": 0, ""Door_status"": ""OPEN"", ""BatV"": 3.659}",Outside Shed,-38.6956,143.7737,171.0,"{""alt"": ""171.0"", ""site"": ""Outside Shed"", ""lon"": ""143.7737"", ""lat"": ""-38.6956"", ""geojson"": ""{\""type\"":\""Point\"",\""coordinates\"":[143.7737,-38.6956,171.0]}""}",a84041ffff26623c,-74.0,14.2,9.9,98.9,3.659,OPEN,0.376,L,IIC,0.0,9.9,98.9,,,,,,,,,,,,,,,,,,,,
69ff81fb4799c2c4682091d7,2026-05-09T18:50:34.943299+00:00,2026-05-09T18:50:35.160Z,1778352635161.0,application/3a8594c3-7866-4007-9786-b5ec52b2d117/device/a8404142118523b1/event/up,af671daa-cd01-4691-96c9-e26a6179c03d,ChirpStack,monitoring,LSN50v2-S31,LST25502641,a8404142118523b1,CLASS_A,01eeaa71,49988.0,2.0,False,True,2.0,au915_0,"{""BatV"": 3.659, ""ADC_CH0V"": 0.369, ""EXTI_Trigger"": ""FALSE"", ""Work_mode"": ""IIC"", ""Hum_SHT"": 99, ""TempC1"": 0, ""Door_status"": ""OPEN"", ""TempC_SHT"": 9.4, ""Digital_IStatus"": ""L""}",Outside Shed,-38.6956,143.7737,171.0,"{""alt"": ""171.0"", ""lon"": ""143.7737"", ""geojson"": ""{\""type\"":\""Point\"",\""coordinates\"":[143.7737,-38.6956,171.0]}"", ""lat"": ""-38.6956"", ""site"": ""Outside Shed""}",a84041ffff26623c,-76.0,14.8,9.4,99.0,3.659,OPEN,0.369,L,IIC,0.0,9.4,99.0,,,,,,,,,,,,,,,,,,,,
69ff86ab4799c2c4682091db,2026-05-09T19:10:34.955602+00:00,2026-05-09T19:10:35.165Z,1778353835165.0,application/3a8594c3-7866-4007-9786-b5ec52b2d117/device/a8404142118523b1/event/up,eb423e57-cc3f-473b-aa48-6010a18c0a9d,ChirpStack,monitoring,LSN50v2-S31,LST25502641,a8404142118523b1,CLASS_A,01eeaa71,49989.0,2.0,False,True,2.0,au915_0,"{""BatV"": 3.659, ""TempC1"": 0, ""ADC_CH0V"": 0.368, ""Hum_SHT"": 99.3, ""EXTI_Trigger"": ""FALSE"", ""Work_mode"": ""IIC"", ""Digital_IStatus"": ""L"", ""Door_status"": ""OPEN"", ""TempC_SHT"": 9.2}",Outside Shed,-38.6956,143.7737,171.0,"{""site"": ""Outside Shed"", ""geojson"": ""{\""type\"":\""Point\"",\""coordinates\"":[143.7737,-38.6956,171.0]}"", ""alt"": ""171.0"", ""lon"": ""143.7737"", ""lat"": ""-38.6956""}",a84041ffff26623c,-77.0,15.0,9.2,99.3,3.659,OPEN,0.368,L,IIC,0.0,9.2,99.3,,,,,,,,,,,,,,,,,,,,
69ff8b5b4799c2c4682091dd,2026-05-09T19:30:34.975529+00:00,2026-05-09T19:30:35.243Z,1778355035243.0,application/3a8594c3-7866-4007-9786-b5ec52b2d117/device/a8404142118523b1/event/up,7ce953ed-1dc3-4613-b205-c455cc07d7de,ChirpStack,monitoring,LSN50v2-S31,LST25502641,a8404142118523b1,CLASS_A,01eeaa71,49990.0,2.0,False,True,2.0,au915_0,"{""ADC_CH0V"": 0.375, ""EXTI_Trigger"": ""FALSE"", ""Work_mode"": ""IIC"", ""TempC_SHT"": 9.7, ""Door_status"": ""OPEN"", ""Digital_IStatus"": ""L"", ""BatV"": 3.659, ""TempC1"": 0, ""Hum_SHT"": 99.9}",Outside Shed,-38.6956,143.7737,171.0,"{""geojson"": ""{\""type\"":\""Point\"",\""coordinates\"":[143.7737,-38.6956,171.0]}"", ""lon"": ""143.7737"", ""alt"": ""171.0"", ""lat"": ""-38.6956"", ""site"": ""Outside Shed""}",a84041ffff26623c,-73.0,11.5,9.7,99.9,3.659,OPEN,0.375,L,IIC,0.0,9.7,99.9,,,,,,,,,,,,,,,,,,,,
69ff900a4799c2c4682091e0,2026-05-09T19:50:34.316518+00:00,2026-05-09T19:50:34.604Z,1778356234605.0,application/3a8594c3-7866-4007-9786-b5ec52b2d117/device/a8404142118523b1/event/up,1b1ee62d-867a-473f-aa47-63111cfcd29b,ChirpStack,monitoring,LSN50v2-S31,LST25502641,a8404142118523b1,CLASS_A,01eeaa71,49991.0,2.0,False,True,2.0,au915_0,"{""Hum_SHT"": 100, ""TempC_SHT"": 9.8, ""ADC_CH0V"": 0.377, ""TempC1"": 0, ""Digital_IStatus"": ""L"", ""EXTI_Trigger"": ""FALSE"", ""BatV"": 3.659, ""Door_status"": ""OPEN"", ""Work_mode"": ""IIC""}",Outside Shed,-38.6956,143.7737,171.0,"{""alt"": ""171.0"", ""site"": ""Outside Shed"", ""geojson"": ""{\""type\"":\""Point\"",\""coordinates\"":[143.7737,-38.6956,171.0]}"", ""lat"": ""-38.6956"", ""lon"": ""143.7737""}",a84041ffff26623c,-72.0,9.5,9.8,100.0,3.659,OPEN,0.377,L,IIC,0.0,9.8,100.0,,,,,,,,,,,,,,,,,,,,
69ff94bb4799c2c4682091e4,2026-05-09T20:10:34.995557+00:00,2026-05-09T20:10:35.243Z,1778357435243.0,application/3a8594c3-7866-4007-9786-b5ec52b2d117/device/a8404142118523b1/event/up,bf98db6f-d751-4987-8ba5-2788a865bb40,ChirpStack,monitoring,LSN50v2-S31,LST25502641,a8404142118523b1,CLASS_A,01eeaa71,49992.0,2.0,False,True,2.0,au915_0,"{""TempC1"": 0, ""Digital_IStatus"": ""L"", ""EXTI_Trigger"": ""FALSE"", ""Hum_SHT"": 100, ""ADC_CH0V"": 0.384, ""TempC_SHT"": 10.2, ""Work_mode"": ""IIC"", ""Door_status"": ""OPEN"", ""BatV"": 3.659}",Outside Shed,-38.6956,143.7737,171.0,"{""alt"": ""171.0"", ""site"": ""Outside Shed"", ""lat"": ""-38.6956"", ""lon"": ""143.7737"", ""geojson"": ""{\""type\"":\""Point\"",\""coordinates\"":[143.7737,-38.6956,171.0]}""}",a84041ffff26623c,-78.0,13.8,10.2,100.0,3.659,OPEN,0.384,L,IIC,0.0,10.2,100.0,,,,,,,,,,,,,,,,,,,,
69ff996b4799c2c4682091e6,2026-05-09T20:30:35.001532+00:00,2026-05-09T20:30:35.254Z,1778358635254.0,application/3a8594c3-7866-4007-9786-b5ec52b2d117/device/a8404142118523b1/event/up,52d0c32a-37fc-4f10-8d6d-b20f02527fd4,ChirpStack,monitoring,LSN50v2-S31,LST25502641,a8404142118523b1,CLASS_A,01eeaa71,49993.0,2.0,False,True,2.0,au915_0,"{""TempC1"": 0, ""Door_status"": ""OPEN"", ""Work_mode"": ""IIC"", ""ADC_CH0V"": 0.387, ""EXTI_Trigger"": ""FALSE"", ""Digital_IStatus"": ""L"", ""Hum_SHT"": 100, ""TempC_SHT"": 10.5, ""BatV"": 3.659}",Outside Shed,-38.6956,143.7737,171.0,"{""geojson"": ""{\""type\"":\""Point\"",\""coordinates\"":[143.7737,-38.6956,171.0]}"", ""lon"": ""143.7737"", ""site"": ""Outside Shed"", ""lat"": ""-38.6956"", ""alt"": ""171.0""}",a84041ffff26623c,-80.0,14.0,10.5,100.0,3.659,OPEN,0.387,L,IIC,0.0,10.5,100.0,,,,,,,,,,,,,,,,,,,,
69ff9e1b4799c2c4682091ea,2026-05-09T20:50:35.005544+00:00,2026-05-09T20:50:35.251Z,1778359835251.0,application/3a8594c3-7866-4007-9786-b5ec52b2d117/device/a8404142118523b1/event/up,b31fbe6d-4bc3-4bec-ab08-8c24e71aa616,ChirpStack,monitoring,LSN50v2-S31,LST25502641,a8404142118523b1,CLASS_A,01eeaa71,49994.0,2.0,False,True,2.0,au915_0,"{""TempC_SHT"": 10.7, ""BatV"": 3.659, ""ADC_CH0V"": 0.392, ""Hum_SHT"": 100, ""TempC1"": 0, ""Work_mode"": ""IIC"", ""Digital_IStatus"": ""L"", ""EXTI_Trigger"": ""FALSE"", ""Door_status"": ""OPEN""}",Outside Shed,-38.6956,143.7737,171.0,"{""site"": ""Outside Shed"", ""lat"": ""-38.6956"", ""lon"": ""143.7737"", ""geojson"": ""{\""type\"":\""Point\"",\""coordinates\"":[143.7737,-38.6956,171.0]}"", ""alt"": ""171.0""}",a84041ffff26623c,-75.0,11.5,10.7,100.0,3.659,OPEN,0.392,L,IIC,0.0,10.7,100.0,,,,,,,,,,,,,,,,,,,,
69ffa2cb4799c2c4682091ee,2026-05-09T21:10:35.015614+00:00,2026-05-09T21:10:35.275Z,1778361035275.0,application/3a8594c3-7866-4007-9786-b5ec52b2d117/device/a8404142118523b1/event/up,e17b5c39-2844-45f2-8a46-13224acac486,ChirpStack,monitoring,LSN50v2-S31,LST25502641,a8404142118523b1,CLASS_A,01eeaa71,49995.0,2.0,False,True,2.0,au915_0,"{""EXTI_Trigger"": ""FALSE"", ""Hum_SHT"": 100, ""BatV"": 3.659, ""Door_status"": ""OPEN"", ""Digital_IStatus"": ""L"", ""ADC_CH0V"": 0.394, ""Work_mode"": ""IIC"", ""TempC1"": 0, ""TempC_SHT"": 10.7}",Outside Shed,-38.6956,143.7737,171.0,"{""lon"": ""143.7737"", ""geojson"": ""{\""type\"":\""Point\"",\""coordinates\"":[143.7737,-38.6956,171.0]}"", ""lat"": ""-38.6956"", ""alt"": ""171.0"", ""site"": ""Outside Shed""}",a84041ffff26623c,-72.0,14.0,10.7,100.0,3.659,OPEN,0.394,L,IIC,0.0,10.7,100.0,,,,,,,,,,,,,,,,,,,,
69ffa77b4799c2c4682091f0,2026-05-09T21:30:35.011027+00:00,2026-05-09T21:30:35.245Z,1778362235245.0,application/3a8594c3-7866-4007-9786-b5ec52b2d117/device/a8404142118523b1/event/up,a06c4a6d-3c35-4bbb-b09e-19650b179933,ChirpStack,monitoring,LSN50v2-S31,LST25502641,a8404142118523b1,CLASS_A,01eeaa71,49996.0,2.0,False,True,2.0,au915_0,"{""Digital_IStatus"": ""L"", ""TempC_SHT"": 10.9, ""Work_mode"": ""IIC"", ""Door_status"": ""OPEN"", ""TempC1"": 0, ""BatV"": 3.659, ""EXTI_Trigger"": ""FALSE"", ""Hum_SHT"": 100, ""ADC_CH0V"": 0.398}",Outside Shed,-38.6956,143.7737,171.0,"{""geojson"": ""{\""type\"":\""Point\"",\""coordinates\"":[143.7737,-38.6956,171.0]}"", ""lat"": ""-38.6956"", ""lon"": ""143.7737"", ""site"": ""Outside Shed"", ""alt"": ""171.0""}",a84041ffff26623c,-77.0,14.5,10.9,100.0,3.659,OPEN,0.398,L,IIC,0.0,10.9,100.0,,,,,,,,,,,,,,,,,,,,
69ffac2b4799c2c4682091f4,2026-05-09T21:50:35.033169+00:00,2026-05-09T21:50:35.266Z,1778363435266.0,application/3a8594c3-7866-4007-9786-b5ec52b2d117/device/a8404142118523b1/event/up,ac28c4a0-ab3f-4900-809c-f3a07f22e3fa,ChirpStack,monitoring,LSN50v2-S31,LST25502641,a8404142118523b1,CLASS_A,01eeaa71,49997.0,2.0,False,True,2.0,au915_0,"{""ADC_CH0V"": 0.401, ""Door_status"": ""OPEN"", ""Work_mode"": ""IIC"", ""BatV"": 3.659, ""EXTI_Trigger"": ""FALSE"", ""TempC_SHT"": 11.1, ""TempC1"": 0, ""Hum_SHT"": 100, ""Digital_IStatus"": ""L""}",Outside Shed,-38.6956,143.7737,171.0,"{""lon"": ""143.7737"", ""alt"": ""171.0"", ""geojson"": ""{\""type\"":\""Point\"",\""coordinates\"":[143.7737,-38.6956,171.0]}"", ""site"": ""Outside Shed"", ""lat"": ""-38.6956""}",a84041ffff26623c,-74.0,14.0,11.1,100.0,3.659,OPEN,0.401,L,IIC,0.0,11.1,100.0,,,,,,,,,,,,,,,,,,,,
69ffb0db4799c2c4682091f7,2026-05-09T22:10:35.036916+00:00,2026-05-09T22:10:35.307Z,1778364635307.0,application/3a8594c3-7866-4007-9786-b5ec52b2d117/device/a8404142118523b1/event/up,625c81fa-28e6-422f-9e07-58bd8bbf3b9a,ChirpStack,monitoring,LSN50v2-S31,LST25502641,a8404142118523b1,CLASS_A,01eeaa71,49998.0,2.0,False,True,2.0,au915_0,"{""BatV"": 3.659, ""Door_status"": ""OPEN"", ""Work_mode"": ""IIC"", ""TempC1"": 0, ""Hum_SHT"": 100, ""Digital_IStatus"": ""L"", ""EXTI_Trigger"": ""FALSE"", ""TempC_SHT"": 11.3, ""ADC_CH0V"": 0.405}",Outside Shed,-38.6956,143.7737,171.0,"{""lon"": ""143.7737"", ""geojson"": ""{\""type\"":\""Point\"",\""coordinates\"":[143.7737,-38.6956,171.0]}"", ""alt"": ""171.0"", ""lat"": ""-38.6956"", ""site"": ""Outside Shed""}",a84041ffff26623c,-79.0,14.2,11.3,100.0,3.659,OPEN,0.405,L,IIC,0.0,11.3,100.0,,,,,,,,,,,,,,,,,,,,
69ffb58b4799c2c4682091fa,2026-05-09T22:30:35.036835+00:00,2026-05-09T22:30:35.304Z,1778365835304.0,application/3a8594c3-7866-4007-9786-b5ec52b2d117/device/a8404142118523b1/event/up,b6e8e630-b4dc-4b71-8d28-76e34a29df64,ChirpStack,monitoring,LSN50v2-S31,LST25502641,a8404142118523b1,CLASS_A,01eeaa71,49999.0,2.0,False,True,2.0,au915_0,"{""EXTI_Trigger"": ""FALSE"", ""TempC1"": 0, ""Work_mode"": ""IIC"", ""ADC_CH0V"": 0.411, ""Door_status"": ""OPEN"", ""TempC_SHT"": 11.6, ""BatV"": 3.659, ""Digital_IStatus"": ""L"", ""Hum_SHT"": 99.9}",Outside Shed,-38.6956,143.7737,171.0,"{""lon"": ""143.7737"", ""lat"": ""-38.6956"", ""alt"": ""171.0"", ""site"": ""Outside Shed"", ""geojson"": ""{\""type\"":\""Point\"",\""coordinates\"":[143.7737,-38.6956,171.0]}""}",a84041ffff26623c,-79.0,12.8,11.6,99.9,3.659,OPEN,0.411,L,IIC,0.0,11.6,99.9,,,,,,,,,,,,,,,,,,,,
69ffba3a4799c2c4682091fd,2026-05-09T22:50:34.376040+00:00,2026-05-09T22:50:34.635Z,1778367034635.0,application/3a8594c3-7866-4007-9786-b5ec52b2d117/device/a8404142118523b1/event/up,949dff9f-346f-428d-99f3-0749cfde4f22,ChirpStack,monitoring,LSN50v2-S31,LST25502641,a8404142118523b1,CLASS_A,01eeaa71,50000.0,2.0,False,True,2.0,au915_0,"{""Door_status"": ""OPEN"", ""Hum_SHT"": 99.7, ""Digital_IStatus"": ""L"", ""BatV"": 3.659, ""Work_mode"": ""IIC"", ""ADC_CH0V"": 0.418, ""EXTI_Trigger"": ""FALSE"", ""TempC1"": 0, ""TempC_SHT"": 12}",Outside Shed,-38.6956,143.7737,171.0,"{""lon"": ""143.7737"", ""alt"": ""171.0"", ""lat"": ""-38.6956"", ""geojson"": ""{\""type\"":\""Point\"",\""coordinates\"":[143.7737,-38.6956,171.0]}"", ""site"": ""Outside Shed""}",a84041ffff26623c,-79.0,8.5,12.0,99.7,3.659,OPEN,0.418,L,IIC,0.0,12.0,99.7,,,,,,,,,,,,,,,,,,,,
69ffbeeb4799c2c468209201,2026-05-09T23:10:35.044848+00:00,2026-05-09T23:10:35.306Z,1778368235306.0,application/3a8594c3-7866-4007-9786-b5ec52b2d117/device/a8404142118523b1/event/up,a4aa10f4-7c13-4e7a-8236-58a6911dd4a9,ChirpStack,monitoring,LSN50v2-S31,LST25502641,a8404142118523b1,CLASS_A,01eeaa71,50001.0,2.0,False,True,2.0,au915_0,"{""Hum_SHT"": 99.3, ""Door_status"": ""OPEN"", ""ADC_CH0V"": 0.427, ""TempC_SHT"": 12.4, ""TempC1"": 0, ""BatV"": 3.662, ""Digital_IStatus"": ""L"", ""EXTI_Trigger"": ""FALSE"", ""Work_mode"": ""IIC""}",Outside Shed,-38.6956,143.7737,171.0,"{""geojson"": ""{\""type\"":\""Point\"",\""coordinates\"":[143.7737,-38.6956,171.0]}"", ""lat"": ""-38.6956"", ""site"": ""Outside Shed"", ""alt"": ""171.0"", ""lon"": ""143.7737""}",a84041ffff26623c,-72.0,14.0,12.4,99.3,3.662,OPEN,0.427,L,IIC,0.0,12.4,99.3,,,,,,,,,,,,,,,,,,,,
69ffc39b4799c2c468209204,2026-05-09T23:30:35.055918+00:00,2026-05-09T23:30:35.308Z,1778369435309.0,application/3a8594c3-7866-4007-9786-b5ec52b2d117/device/a8404142118523b1/event/up,47701ca9-1f1f-466b-8467-36dee21ea1bf,ChirpStack,monitoring,LSN50v2-S31,LST25502641,a8404142118523b1,CLASS_A,01eeaa71,50002.0,2.0,False,True,2.0,au915_0,"{""Door_status"": ""OPEN"", ""TempC1"": 0, ""EXTI_Trigger"": ""FALSE"", ""BatV"": 3.659, ""Work_mode"": ""IIC"", ""Digital_IStatus"": ""L"", ""ADC_CH0V"": 0.436, ""TempC_SHT"": 12.7, ""Hum_SHT"": 98.6}",Outside Shed,-38.6956,143.7737,171.0,"{""lon"": ""143.7737"", ""geojson"": ""{\""type\"":\""Point\"",\""coordinates\"":[143.7737,-38.6956,171.0]}"", ""lat"": ""-38.6956"", ""alt"": ""171.0"", ""site"": ""Outside Shed""}",a84041ffff26623c,-77.0,14.0,12.7,98.6,3.659,OPEN,0.436,L,IIC,0.0,12.7,98.6,,,,,,,,,,,,,,,,,,,,
69ffc84b4799c2c468209208,2026-05-09T23:50:35.046320+00:00,2026-05-09T23:50:35.312Z,1778370635312.0,application/3a8594c3-7866-4007-9786-b5ec52b2d117/device/a8404142118523b1/event/up,2a7bfdd4-9ca0-466b-8424-e5f739367059,ChirpStack,monitoring,LSN50v2-S31,LST25502641,a8404142118523b1,CLASS_A,01eeaa71,50003.0,2.0,False,True,2.0,au915_0,"{""TempC1"": 0, ""Digital_IStatus"": ""L"", ""Door_status"": ""OPEN"", ""EXTI_Trigger"": ""FALSE"", ""ADC_CH0V"": 0.443, ""Work_mode"": ""IIC"", ""TempC_SHT"": 13.1, ""BatV"": 3.659, ""Hum_SHT"": 97.9}",Outside Shed,-38.6956,143.7737,171.0,"{""alt"": ""171.0"", ""lat"": ""-38.6956"", ""geojson"": ""{\""type\"":\""Point\"",\""coordinates\"":[143.7737,-38.6956,171.0]}"", ""site"": ""Outside Shed"", ""lon"": ""143.7737""}",a84041ffff26623c,-77.0,14.2,13.1,97.9,3.659,OPEN,0.443,L,IIC,0.0,13.1,97.9,,,,,,,,,,,,,,,,,,,,
69ffccfb4799c2c46820920b,2026-05-10T00:10:35.054514+00:00,2026-05-10T00:10:35.321Z,1778371835321.0,application/3a8594c3-7866-4007-9786-b5ec52b2d117/device/a8404142118523b1/event/up,c333dc80-b7db-4e99-9ec8-a7b28007dc05,ChirpStack,monitoring,LSN50v2-S31,LST25502641,a8404142118523b1,CLASS_A,01eeaa71,50004.0,2.0,False,True,2.0,au915_0,"{""BatV"": 3.659, ""Door_status"": ""OPEN"", ""EXTI_Trigger"": ""FALSE"", ""TempC1"": 0, ""Digital_IStatus"": ""L"", ""ADC_CH0V"": 0.445, ""Work_mode"": ""IIC"", ""TempC_SHT"": 13.2, ""Hum_SHT"": 97.1}",Outside Shed,-38.6956,143.7737,171.0,"{""alt"": ""171.0"", ""lon"": ""143.7737"", ""geojson"": ""{\""type\"":\""Point\"",\""coordinates\"":[143.7737,-38.6956,171.0]}"", ""lat"": ""-38.6956"", ""site"": ""Outside Shed""}",a84041ffff26623c,-73.0,11.8,13.2,97.1,3.659,OPEN,0.445,L,IIC,0.0,13.2,97.1,,,,,,,,,,,,,,,,,,,,
69ffd1ab4799c2c46820920e,2026-05-10T00:30:35.056012+00:00,2026-05-10T00:30:35.329Z,1778373035329.0,application/3a8594c3-7866-4007-9786-b5ec52b2d117/device/a8404142118523b1/event/up,8a7fe013-901c-44ec-ba8b-602816d244ba,ChirpStack,monitoring,LSN50v2-S31,LST25502641,a8404142118523b1,CLASS_A,01eeaa71,50005.0,2.0,False,True,2.0,au915_0,"{""BatV"": 3.662, ""EXTI_Trigger"": ""FALSE"", ""TempC_SHT"": 13.6, ""ADC_CH0V"": 0.458, ""Hum_SHT"": 96.1, ""TempC1"": 0, ""Digital_IStatus"": ""L"", ""Work_mode"": ""IIC"", ""Door_status"": ""OPEN""}",Outside Shed,-38.6956,143.7737,171.0,"{""geojson"": ""{\""type\"":\""Point\"",\""coordinates\"":[143.7737,-38.6956,171.0]}"", ""lon"": ""143.7737"", ""alt"": ""171.0"", ""lat"": ""-38.6956"", ""site"": ""Outside Shed""}",a84041ffff26623c,-73.0,14.2,13.6,96.1,3.662,OPEN,0.458,L,IIC,0.0,13.6,96.1,,,,,,,,,,,,,,,,,,,,
69ffd65b4799c2c468209212,2026-05-10T00:50:35.065646+00:00,2026-05-10T00:50:35.306Z,1778374235307.0,application/3a8594c3-7866-4007-9786-b5ec52b2d117/device/a8404142118523b1/event/up,c0c73c9b-2c8b-4fa4-a498-ba96dbbb706a,ChirpStack,monitoring,LSN50v2-S31,LST25502641,a8404142118523b1,CLASS_A,01eeaa71,50006.0,2.0,False,True,2.0,au915_0,"{""TempC1"": 0, ""Digital_IStatus"": ""L"", ""Hum_SHT"": 95.5, ""Door_status"": ""OPEN"", ""Work_mode"": ""IIC"", ""BatV"": 3.659, ""TempC_SHT"": 14.8, ""ADC_CH0V"": 0.485, ""EXTI_Trigger"": ""FALSE""}",Outside Shed,-38.6956,143.7737,171.0,"{""site"": ""Outside Shed"", ""lat"": ""-38.6956"", ""lon"": ""143.7737"", ""alt"": ""171.0"", ""geojson"": ""{\""type\"":\""Point\"",\""coordinates\"":[143.7737,-38.6956,171.0]}""}",a84041ffff26623c,-75.0,11.2,14.8,95.5,3.659,OPEN,0.485,L,IIC,0.0,14.8,95.5,,,,,,,,,,,,,,,,,,,,
69ffdb0b4799c2c468209216,2026-05-10T01:10:35.065591+00:00,2026-05-10T01:10:35.285Z,1778375435285.0,application/3a8594c3-7866-4007-9786-b5ec52b2d117/device/a8404142118523b1/event/up,afb287e2-9103-44af-8431-41c348aa873d,ChirpStack,monitoring,LSN50v2-S31,LST25502641,a8404142118523b1,CLASS_A,01eeaa71,50007.0,2.0,False,True,2.0,au915_0,"{""TempC_SHT"": 16.5, ""BatV"": 3.659, ""Door_status"": ""OPEN"", ""TempC1"": 0, ""EXTI_Trigger"": ""FALSE"", ""Digital_IStatus"": ""L"", ""Hum_SHT"": 90, ""Work_mode"": ""IIC"", ""ADC_CH0V"": 0.535}",Outside Shed,-38.6956,143.7737,171.0,"{""geojson"": ""{\""type\"":\""Point\"",\""coordinates\"":[143.7737,-38.6956,171.0]}"", ""lon"": ""143.7737"", ""alt"": ""171.0"", ""site"": ""Outside Shed"", ""lat"": ""-38.6956""}",a84041ffff26623c,-72.0,13.2,16.5,90.0,3.659,OPEN,0.535,L,IIC,0.0,16.5,90.0,,,,,,,,,,,,,,,,,,,,
69ffdfbb4799c2c468209219,2026-05-10T01:30:35.061468+00:00,2026-05-10T01:30:35.291Z,1778376635292.0,application/3a8594c3-7866-4007-9786-b5ec52b2d117/device/a8404142118523b1/event/up,91b2f040-2a82-43e5-ae5a-a4e6d6287edd,ChirpStack,monitoring,LSN50v2-S31,LST25502641,a8404142118523b1,CLASS_A,01eeaa71,50008.0,2.0,False,True,2.0,au915_0,"{""TempC1"": 0, ""EXTI_Trigger"": ""FALSE"", ""TempC_SHT"": 16.8, ""Hum_SHT"": 87, ""Digital_IStatus"": ""L"", ""Work_mode"": ""IIC"", ""ADC_CH0V"": 0.563, ""Door_status"": ""OPEN"", ""BatV"": 3.659}",Outside Shed,-38.6956,143.7737,171.0,"{""alt"": ""171.0"", ""lat"": ""-38.6956"", ""geojson"": ""{\""type\"":\""Point\"",\""coordinates\"":[143.7737,-38.6956,171.0]}"", ""lon"": ""143.7737"", ""site"": ""Outside Shed""}",a84041ffff26623c,-77.0,14.5,16.8,87.0,3.659,OPEN,0.563,L,IIC,0.0,16.8,87.0,,,,,,,,,,,,,,,,,,,,
69ffe46b4799c2c46820921c,2026-05-10T01:50:35.063576+00:00,2026-05-10T01:50:35.302Z,1778377835302.0,application/3a8594c3-7866-4007-9786-b5ec52b2d117/device/a8404142118523b1/event/up,30df828b-4d58-46fa-bcb5-21aab485fe5c,ChirpStack,monitoring,LSN50v2-S31,LST25502641,a8404142118523b1,CLASS_A,01eeaa71,50009.0,2.0,False,True,2.0,au915_0,"{""TempC1"": 0, ""Digital_IStatus"": ""L"", ""Door_status"": ""OPEN"", ""BatV"": 3.659, ""ADC_CH0V"": 0.567, ""Work_mode"": ""IIC"", ""TempC_SHT"": 17, ""Hum_SHT"": 84.4, ""EXTI_Trigger"": ""FALSE""}",Outside Shed,-38.6956,143.7737,171.0,"{""site"": ""Outside Shed"", ""lat"": ""-38.6956"", ""alt"": ""171.0"", ""lon"": ""143.7737"", ""geojson"": ""{\""type\"":\""Point\"",\""coordinates\"":[143.7737,-38.6956,171.0]}""}",a84041ffff26623c,-71.0,14.5,17.0,84.4,3.659,OPEN,0.567,L,IIC,0.0,17.0,84.4,,,,,,,,,,,,,,,,,,,,
69ffe91b4799c2c468209221,2026-05-10T02:10:35.063613+00:00,2026-05-10T02:10:35.334Z,1778379035334.0,application/3a8594c3-7866-4007-9786-b5ec52b2d117/device/a8404142118523b1/event/up,383da6c0-1052-48b3-8107-2ab530f5e4a3,ChirpStack,monitoring,LSN50v2-S31,LST25502641,a8404142118523b1,CLASS_A,01eeaa71,50010.0,2.0,False,True,2.0,au915_0,"{""BatV"": 3.659, ""ADC_CH0V"": 0.531, ""Hum_SHT"": 87.2, ""Door_status"": ""OPEN"", ""Work_mode"": ""IIC"", ""Digital_IStatus"": ""L"", ""TempC1"": 0, ""EXTI_Trigger"": ""FALSE"", ""TempC_SHT"": 16.2}",Outside Shed,-38.6956,143.7737,171.0,"{""site"": ""Outside Shed"", ""geojson"": ""{\""type\"":\""Point\"",\""coordinates\"":[143.7737,-38.6956,171.0]}"", ""lat"": ""-38.6956"", ""alt"": ""171.0"", ""lon"": ""143.7737""}",a84041ffff26623c,-80.0,14.5,16.2,87.2,3.659,OPEN,0.531,L,IIC,0.0,16.2,87.2,,,,,,,,,,,,,,,,,,,,
69ffedcb4799c2c468209225,2026-05-10T02:30:35.055538+00:00,2026-05-10T02:30:35.327Z,1778380235327.0,application/3a8594c3-7866-4007-9786-b5ec52b2d117/device/a8404142118523b1/event/up,2590cc47-e3d4-462d-b5dc-3ac70cd0d14e,ChirpStack,monitoring,LSN50v2-S31,LST25502641,a8404142118523b1,CLASS_A,01eeaa71,50011.0,2.0,False,True,2.0,au915_0,"{""EXTI_Trigger"": ""FALSE"", ""TempC1"": 0, ""TempC_SHT"": 16.8, ""BatV"": 3.659, ""Work_mode"": ""IIC"", ""ADC_CH0V"": 0.539, ""Door_status"": ""OPEN"", ""Hum_SHT"": 89, ""Digital_IStatus"": ""L""}",Outside Shed,-38.6956,143.7737,171.0,"{""site"": ""Outside Shed"", ""lon"": ""143.7737"", ""alt"": ""171.0"", ""geojson"": ""{\""type\"":\""Point\"",\""coordinates\"":[143.7737,-38.6956,171.0]}"", ""lat"": ""-38.6956""}",a84041ffff26623c,-77.0,14.2,16.8,89.0,3.659,OPEN,0.539,L,IIC,0.0,16.8,89.0,,,,,,,,,,,,,,,,,,,,
69fff27b4799c2c46820922a,2026-05-10T02:50:35.056349+00:00,2026-05-10T02:50:35.316Z,1778381435317.0,application/3a8594c3-7866-4007-9786-b5ec52b2d117/device/a8404142118523b1/event/up,b686eadd-974e-46b1-8e65-3a16cc43b818,ChirpStack,monitoring,LSN50v2-S31,LST25502641,a8404142118523b1,CLASS_A,01eeaa71,50012.0,2.0,False,True,2.0,au915_0,"{""TempC_SHT"": 16.9, ""Digital_IStatus"": ""L"", ""Hum_SHT"": 89.4, ""Door_status"": ""OPEN"", ""BatV"": 3.662, ""Work_mode"": ""IIC"", ""TempC1"": 0, ""EXTI_Trigger"": ""FALSE"", ""ADC_CH0V"": 0.545}",Outside Shed,-38.6956,143.7737,171.0,"{""alt"": ""171.0"", ""lon"": ""143.7737"", ""geojson"": ""{\""type\"":\""Point\"",\""coordinates\"":[143.7737,-38.6956,171.0]}"", ""site"": ""Outside Shed"", ""lat"": ""-38.6956""}",a84041ffff26623c,-73.0,12.2,16.9,89.4,3.662,OPEN,0.545,L,IIC,0.0,16.9,89.4,,,,,,,,,,,,,,,,,,,,
69fff72a4799c2c46820922d,2026-05-10T03:10:34.396053+00:00,2026-05-10T03:10:34.646Z,1778382634646.0,application/3a8594c3-7866-4007-9786-b5ec52b2d117/device/a8404142118523b1/event/up,bc4561fc-836a-4b32-8198-8f92249f2c73,ChirpStack,monitoring,LSN50v2-S31,LST25502641,a8404142118523b1,CLASS_A,01eeaa71,50013.0,2.0,False,True,2.0,au915_0,"{""BatV"": 3.659, ""TempC1"": 0, ""Door_status"": ""OPEN"", ""TempC_SHT"": 16.9, ""ADC_CH0V"": 0.549, ""Hum_SHT"": 88.5, ""EXTI_Trigger"": ""FALSE"", ""Digital_IStatus"": ""L"", ""Work_mode"": ""IIC""}",Outside Shed,-38.6956,143.7737,171.0,"{""site"": ""Outside Shed"", ""lon"": ""143.7737"", ""geojson"": ""{\""type\"":\""Point\"",\""coordinates\"":[143.7737,-38.6956,171.0]}"", ""lat"": ""-38.6956"", ""alt"": ""171.0""}",a84041ffff26623c,-78.0,7.0,16.9,88.5,3.659,OPEN,0.549,L,IIC,0.0,16.9,88.5,,,,,,,,,,,,,,,,,,,,
69fffbdb4799c2c468209230,2026-05-10T03:30:35.055559+00:00,2026-05-10T03:30:35.300Z,1778383835300.0,application/3a8594c3-7866-4007-9786-b5ec52b2d117/device/a8404142118523b1/event/up,d73e4d36-6c2b-466a-b1dc-611f3e993e0e,ChirpStack,monitoring,LSN50v2-S31,LST25502641,a8404142118523b1,CLASS_A,01eeaa71,50014.0,2.0,False,True,2.0,au915_0,"{""TempC1"": 0, ""Hum_SHT"": 91.9, ""ADC_CH0V"": 0.507, ""TempC_SHT"": 16, ""Digital_IStatus"": ""L"", ""BatV"": 3.659, ""EXTI_Trigger"": ""FALSE"", ""Door_status"": ""OPEN"", ""Work_mode"": ""IIC""}",Outside Shed,-38.6956,143.7737,171.0,"{""geojson"": ""{\""type\"":\""Point\"",\""coordinates\"":[143.7737,-38.6956,171.0]}"", ""alt"": ""171.0"", ""lat"": ""-38.6956"", ""site"": ""Outside Shed"", ""lon"": ""143.7737""}",a84041ffff26623c,-78.0,10.0,16.0,91.9,3.659,OPEN,0.507,L,IIC,0.0,16.0,91.9,,,,,,,,,,,,,,,,,,,,
6a00008b4799c2c468209235,2026-05-10T03:50:35.055928+00:00,2026-05-10T03:50:35.325Z,1778385035325.0,application/3a8594c3-7866-4007-9786-b5ec52b2d117/device/a8404142118523b1/event/up,ab35a66b-a60e-4d51-86be-4777ccc93b4e,ChirpStack,monitoring,LSN50v2-S31,LST25502641,a8404142118523b1,CLASS_A,01eeaa71,50015.0,2.0,False,True,2.0,au915_0,"{""Work_mode"": ""IIC"", ""TempC_SHT"": 15.4, ""Hum_SHT"": 92.6, ""Digital_IStatus"": ""L"", ""EXTI_Trigger"": ""FALSE"", ""TempC1"": 0, ""BatV"": 3.659, ""ADC_CH0V"": 0.489, ""Door_status"": ""OPEN""}",Outside Shed,-38.6956,143.7737,171.0,"{""lon"": ""143.7737"", ""site"": ""Outside Shed"", ""geojson"": ""{\""type\"":\""Point\"",\""coordinates\"":[143.7737,-38.6956,171.0]}"", ""lat"": ""-38.6956"", ""alt"": ""171.0""}",a84041ffff26623c,-79.0,14.0,15.4,92.6,3.659,OPEN,0.489,L,IIC,0.0,15.4,92.6,,,,,,,,,,,,,,,,,,,,
6a00053b4799c2c468209238,2026-05-10T04:10:35.065592+00:00,2026-05-10T04:10:35.322Z,1778386235323.0,application/3a8594c3-7866-4007-9786-b5ec52b2d117/device/a8404142118523b1/event/up,61cd8813-89fc-4f2f-8bbf-b10ac43c897b,ChirpStack,monitoring,LSN50v2-S31,LST25502641,a8404142118523b1,CLASS_A,01eeaa71,50016.0,2.0,False,True,2.0,au915_0,"{""TempC_SHT"": 15, ""Work_mode"": ""IIC"", ""BatV"": 3.662, ""ADC_CH0V"": 0.486, ""TempC1"": 0, ""Digital_IStatus"": ""L"", ""Hum_SHT"": 92.1, ""Door_status"": ""OPEN"", ""EXTI_Trigger"": ""FALSE""}",Outside Shed,-38.6956,143.7737,171.0,"{""geojson"": ""{\""type\"":\""Point\"",\""coordinates\"":[143.7737,-38.6956,171.0]}"", ""lon"": ""143.7737"", ""site"": ""Outside Shed"", ""lat"": ""-38.6956"", ""alt"": ""171.0""}",a84041ffff26623c,-77.0,14.5,15.0,92.1,3.662,OPEN,0.486,L,IIC,0.0,15.0,92.1,,,,,,,,,,,,,,,,,,,,
6a0009eb4799c2c46820923b,2026-05-10T04:30:35.066064+00:00,2026-05-10T04:30:35.302Z,1778387435302.0,application/3a8594c3-7866-4007-9786-b5ec52b2d117/device/a8404142118523b1/event/up,3e73ddc0-8b3a-4079-9837-2a9449351018,ChirpStack,monitoring,LSN50v2-S31,LST25502641,a8404142118523b1,CLASS_A,01eeaa71,50017.0,2.0,False,True,2.0,au915_0,"{""Hum_SHT"": 94.1, ""ADC_CH0V"": 0.46, ""TempC1"": 0, ""Digital_IStatus"": ""L"", ""EXTI_Trigger"": ""FALSE"", ""Door_status"": ""OPEN"", ""Work_mode"": ""IIC"", ""TempC_SHT"": 14.3, ""BatV"": 3.659}",Outside Shed,-38.6956,143.7737,171.0,"{""alt"": ""171.0"", ""lon"": ""143.7737"", ""lat"": ""-38.6956"", ""geojson"": ""{\""type\"":\""Point\"",\""coordinates\"":[143.7737,-38.6956,171.0]}"", ""site"": ""Outside Shed""}",a84041ffff26623c,-81.0,11.0,14.3,94.1,3.659,OPEN,0.46,L,IIC,0.0,14.3,94.1,,,,,,,,,,,,,,,,,,,,
6a000e9b4799c2c46820923e,2026-05-10T04:50:35.067500+00:00,2026-05-10T04:50:35.323Z,1778388635324.0,application/3a8594c3-7866-4007-9786-b5ec52b2d117/device/a8404142118523b1/event/up,c4e60c86-7711-48f0-a8a4-db7c9d82670a,ChirpStack,monitoring,LSN50v2-S31,LST25502641,a8404142118523b1,CLASS_A,01eeaa71,50018.0,2.0,False,True,2.0,au915_0,"{""ADC_CH0V"": 0.455, ""TempC1"": 0, ""Hum_SHT"": 95.1, ""Door_status"": ""OPEN"", ""BatV"": 3.659, ""Digital_IStatus"": ""L"", ""Work_mode"": ""IIC"", ""TempC_SHT"": 14, ""EXTI_Trigger"": ""FALSE""}",Outside Shed,-38.6956,143.7737,171.0,"{""site"": ""Outside Shed"", ""geojson"": ""{\""type\"":\""Point\"",\""coordinates\"":[143.7737,-38.6956,171.0]}"", ""lat"": ""-38.6956"", ""lon"": ""143.7737"", ""alt"": ""171.0""}",a84041ffff26623c,-82.0,13.2,14.0,95.1,3.659,OPEN,0.455,L,IIC,0.0,14.0,95.1,,,,,,,,,,,,,,,,,,,,
6a00134b4799c2c468209243,2026-05-10T05:10:35.068421+00:00,2026-05-10T05:10:35.337Z,1778389835337.0,application/3a8594c3-7866-4007-9786-b5ec52b2d117/device/a8404142118523b1/event/up,e1e0569c-4fc8-42a6-b1f5-184c94d8efb8,ChirpStack,monitoring,LSN50v2-S31,LST25502641,a8404142118523b1,CLASS_A,01eeaa71,50019.0,2.0,False,True,2.0,au915_0,"{""Work_mode"": ""IIC"", ""TempC1"": 0, ""EXTI_Trigger"": ""FALSE"", ""Hum_SHT"": 95.7, ""BatV"": 3.662, ""ADC_CH0V"": 0.461, ""Digital_IStatus"": ""L"", ""TempC_SHT"": 14.3, ""Door_status"": ""OPEN""}",Outside Shed,-38.6956,143.7737,171.0,"{""lat"": ""-38.6956"", ""alt"": ""171.0"", ""lon"": ""143.7737"", ""site"": ""Outside Shed"", ""geojson"": ""{\""type\"":\""Point\"",\""coordinates\"":[143.7737,-38.6956,171.0]}""}",a84041ffff26623c,-77.0,14.0,14.3,95.7,3.662,OPEN,0.461,L,IIC,0.0,14.3,95.7,,,,,,,,,,,,,,,,,,,,
6a001cab29c3f904d39110fb,2026-05-10T05:50:35.070855+00:00,2026-05-10T05:50:35.315Z,1778392235315.0,application/3a8594c3-7866-4007-9786-b5ec52b2d117/device/a8404142118523b1/event/up,7b9902c6-5ece-4fc8-92cb-b6a490afc541,ChirpStack,monitoring,LSN50v2-S31,LST25502641,a8404142118523b1,CLASS_A,01eeaa71,50021.0,2.0,False,True,2.0,au915_0,"{""Hum_SHT"": 96.7, ""TempC_SHT"": 14, ""Work_mode"": ""IIC"", ""ADC_CH0V"": 0.453, ""BatV"": 3.659, ""Door_status"": ""OPEN"", ""Digital_IStatus"": ""L"", ""TempC1"": 0, ""EXTI_Trigger"": ""FALSE""}",Outside Shed,-38.6956,143.7737,171.0,"{""lat"": ""-38.6956"", ""alt"": ""171.0"", ""site"": ""Outside Shed"", ""geojson"": ""{\""type\"":\""Point\"",\""coordinates\"":[143.7737,-38.6956,171.0]}"", ""lon"": ""143.7737""}",a84041ffff26623c,-81.0,13.0,14.0,96.7,3.659,OPEN,0.453,L,IIC,0.0,14.0,96.7,,,,,,,,,,,,,,,,,,,,
6a00215b29c3f904d39110ff,2026-05-10T06:10:35.077988+00:00,2026-05-10T06:10:35.322Z,1778393435322.0,application/3a8594c3-7866-4007-9786-b5ec52b2d117/device/a8404142118523b1/event/up,7a6c7ca0-9c23-4aea-8986-da306836ba0c,ChirpStack,monitoring,LSN50v2-S31,LST25502641,a8404142118523b1,CLASS_A,01eeaa71,50022.0,2.0,False,True,2.0,au915_0,"{""TempC_SHT"": 14.2, ""BatV"": 3.659, ""Door_status"": ""OPEN"", ""EXTI_Trigger"": ""FALSE"", ""Work_mode"": ""IIC"", ""Digital_IStatus"": ""L"", ""Hum_SHT"": 97.1, ""TempC1"": 0, ""ADC_CH0V"": 0.46}",Outside Shed,-38.6956,143.7737,171.0,"{""alt"": ""171.0"", ""lon"": ""143.7737"", ""lat"": ""-38.6956"", ""geojson"": ""{\""type\"":\""Point\"",\""coordinates\"":[143.7737,-38.6956,171.0]}"", ""site"": ""Outside Shed""}",a84041ffff26623c,-82.0,12.5,14.2,97.1,3.659,OPEN,0.46,L,IIC,0.0,14.2,97.1,,,,,,,,,,,,,,,,,,,,
6a00260b29c3f904d3911103,2026-05-10T06:30:35.084227+00:00,2026-05-10T06:30:35.331Z,1778394635332.0,application/3a8594c3-7866-4007-9786-b5ec52b2d117/device/a8404142118523b1/event/up,058d214b-e020-4d06-aaba-b72cbff294e4,ChirpStack,monitoring,LSN50v2-S31,LST25502641,a8404142118523b1,CLASS_A,01eeaa71,50023.0,2.0,False,True,2.0,au915_0,"{""BatV"": 3.659, ""Work_mode"": ""IIC"", ""Hum_SHT"": 96.9, ""Digital_IStatus"": ""L"", ""ADC_CH0V"": 0.455, ""TempC1"": 0, ""Door_status"": ""OPEN"", ""TempC_SHT"": 14, ""EXTI_Trigger"": ""FALSE""}",Outside Shed,-38.6956,143.7737,171.0,"{""geojson"": ""{\""type\"":\""Point\"",\""coordinates\"":[143.7737,-38.6956,171.0]}"", ""site"": ""Outside Shed"", ""lat"": ""-38.6956"", ""alt"": ""171.0"", ""lon"": ""143.7737""}",a84041ffff26623c,-81.0,12.0,14.0,96.9,3.659,OPEN,0.455,L,IIC,0.0,14.0,96.9,,,,,,,,,,,,,,,,,,,,
6a002abb29c3f904d3911107,2026-05-10T06:50:35.082097+00:00,2026-05-10T06:50:35.326Z,1778395835326.0,application/3a8594c3-7866-4007-9786-b5ec52b2d117/device/a8404142118523b1/event/up,51dfb2bd-2309-4066-849e-39d365546fab,ChirpStack,monitoring,LSN50v2-S31,LST25502641,a8404142118523b1,CLASS_A,01eeaa71,50024.0,2.0,False,True,2.0,au915_0,"{""ADC_CH0V"": 0.446, ""TempC1"": 0, ""TempC_SHT"": 13.6, ""BatV"": 3.659, ""Digital_IStatus"": ""L"", ""Door_status"": ""OPEN"", ""Hum_SHT"": 97.1, ""Work_mode"": ""IIC"", ""EXTI_Trigger"": ""FALSE""}",Outside Shed,-38.6956,143.7737,171.0,"{""lat"": ""-38.6956"", ""geojson"": ""{\""type\"":\""Point\"",\""coordinates\"":[143.7737,-38.6956,171.0]}"", ""site"": ""Outside Shed"", ""alt"": ""171.0"", ""lon"": ""143.7737""}",a84041ffff26623c,-85.0,10.8,13.6,97.1,3.659,OPEN,0.446,L,IIC,0.0,13.6,97.1,,,,,,,,,,,,,,,,,,,,
69fef8cc4799c2c468209174,2026-05-09T09:06:05.551+00:00,2026-05-09T09:05:16.145Z,1778317516145.0,application/3a8594c3-7866-4007-9786-b5ec52b2d117/device/00137a100004579c/event/up,88fc7f1e-80db-490d-a905-fdfb5287abc8,ChirpStack,monitoring,R711 - Wireless Temperature and Humidity Sensor,R71104579C,00137a100004579c,CLASS_A,01c3adaf,821.0,6.0,False,True,0.0,au915_0,"{""Device"": ""R711(R712)"", ""Temp"": 21.11, ""Humi"": 58.4, ""Volt"": 3.1}",Inside House,-38.6957,143.7733,171.0,"{""alt"": ""171.0"", ""site"": ""Inside House"", ""lon"": ""143.7733"", ""geojson"": ""{\""type\"":\""Point\"",\""coordinates\"":[143.7733,-38.6957,171.0]}"", ""lat"": ""-38.6957""}",b827ebfffe46b14f,-96.0,5.75,,,,,,,,,,,,,,,,,,,,,,,,,,,,,,
69ff06dc4799c2c46820917e,2026-05-09T10:05:56.455+00:00,2026-05-09T10:05:16.228Z,1778321116228.0,application/3a8594c3-7866-4007-9786-b5ec52b2d117/device/00137a100004579c/event/status,a5e53e0e-c76f-4248-b0b5-6f4ab9784487,ChirpStack,monitoring,R711 - Wireless Temperature and Humidity Sensor,R71104579C,00137a100004579c,CLASS_A,,,,,,,,{},Inside House,-38.6957,143.7733,171.0,"{""site"": ""Inside House"", ""alt"": ""171.0"", ""geojson"": ""{\""type\"":\""Point\"",\""coordinates\"":[143.7733,-38.6957,171.0]}"", ""lon"": ""143.7733"", ""lat"": ""-38.6957""}",,,,,,,,,,,,,,,,,,,,,,,,,,,,,,,,,
69ff06dc4799c2c46820917f,2026-05-09T10:05:56.455+00:00,2026-05-09T10:05:16.269Z,1778321116269.0,application/3a8594c3-7866-4007-9786-b5ec52b2d117/device/00137a100004579c/event/up,a5e53e0e-c76f-4248-b0b5-6f4ab9784487,ChirpStack,monitoring,R711 - Wireless Temperature and Humidity Sensor,R71104579C,00137a100004579c,CLASS_A,01c3adaf,822.0,6.0,False,True,0.0,au915_0,"{""Temp"": 20.91, ""Humi"": 59.02, ""Volt"": 3.1, ""Device"": ""R711(R712)""}",Inside House,-38.6957,143.7733,171.0,"{""site"": ""Inside House"", ""alt"": ""171.0"", ""geojson"": ""{\""type\"":\""Point\"",\""coordinates\"":[143.7733,-38.6957,171.0]}"", ""lon"": ""143.7733"", ""lat"": ""-38.6957""}",b827ebfffe46b14f,-83.0,7.75,,,,,,,,,,,,,,,,,,,,,,,,,,,,,,
69ff14eb4799c2c468209187,2026-05-09T11:05:53.177+00:00,2026-05-09T11:05:15.944Z,1778324715945.0,application/3a8594c3-7866-4007-9786-b5ec52b2d117/device/00137a100004579c/event/up,f0a622d3-7e35-46c9-939b-d618aec2990d,ChirpStack,monitoring,R711 - Wireless Temperature and Humidity Sensor,R71104579C,00137a100004579c,CLASS_A,01c3adaf,823.0,6.0,False,True,0.0,au915_0,"{""Device"": ""R711(R712)"", ""Volt"": 3.1, ""Humi"": 59.3, ""Temp"": 20.7}",Inside House,-38.6957,143.7733,171.0,"{""site"": ""Inside House"", ""alt"": ""171.0"", ""geojson"": ""{\""type\"":\""Point\"",\""coordinates\"":[143.7733,-38.6957,171.0]}"", ""lat"": ""-38.6957"", ""lon"": ""143.7733""}",b827ebfffe46b14f,-96.0,6.25,,,,,,,,,,,,,,,,,,,,,,,,,,,,,,
69ff22fb4799c2c468209191,2026-05-09T12:05:54.061+00:00,2026-05-09T12:05:15.833Z,1778328315834.0,application/3a8594c3-7866-4007-9786-b5ec52b2d117/device/00137a100004579c/event/up,3504e3b9-af50-41ff-81e5-e113e3dfe321,ChirpStack,monitoring,R711 - Wireless Temperature and Humidity Sensor,R71104579C,00137a100004579c,CLASS_A,01c3adaf,824.0,6.0,False,True,0.0,au915_0,"{""Device"": ""R711(R712)"", ""Temp"": 20.52, ""Volt"": 3.1, ""Humi"": 59.5}",Inside House,-38.6957,143.7733,171.0,"{""lon"": ""143.7733"", ""alt"": ""171.0"", ""site"": ""Inside House"", ""geojson"": ""{\""type\"":\""Point\"",\""coordinates\"":[143.7733,-38.6957,171.0]}"", ""lat"": ""-38.6957""}",b827ebfffe46b14f,-84.0,5.75,,,,,,,,,,,,,,,,,,,,,,,,,,,,,,
69ff310b4799c2c468209199,2026-05-09T13:05:15.497482119+00:00,2026-05-09T13:05:15.775Z,1778331915776.0,application/3a8594c3-7866-4007-9786-b5ec52b2d117/device/00137a100004579c/event/up,111784b6-f17a-4816-8b14-32f2d87a1bdd,ChirpStack,monitoring,R711 - Wireless Temperature and Humidity Sensor,R71104579C,00137a100004579c,CLASS_A,01c3adaf,825.0,6.0,False,True,0.0,au915_0,"{""Device"": ""R711(R712)"", ""Volt"": 3.1, ""Temp"": 20.28, ""Humi"": 59.35}",Inside House,-38.6957,143.7733,171.0,"{""geojson"": ""{\""type\"":\""Point\"",\""coordinates\"":[143.7733,-38.6957,171.0]}"", ""alt"": ""171.0"", ""site"": ""Inside House"", ""lon"": ""143.7733"", ""lat"": ""-38.6957""}",b827ebfffe46b14f,-88.0,7.25,,,,,,,,,,,,,,,,,,,,,,,,,,,,,,
69ff3f1b4799c2c4682091a3,2026-05-09T14:05:15.359+00:00,2026-05-09T14:05:15.654Z,1778335515654.0,application/3a8594c3-7866-4007-9786-b5ec52b2d117/device/00137a100004579c/event/up,78711212-4a85-4a57-a8db-0b15856f0cd2,ChirpStack,monitoring,R711 - Wireless Temperature and Humidity Sensor,R71104579C,00137a100004579c,CLASS_A,01c3adaf,826.0,6.0,False,True,0.0,au915_0,"{""Device"": ""R711(R712)"", ""Humi"": 58.96, ""Volt"": 3.1, ""Temp"": 20.11}",Inside House,-38.6957,143.7733,171.0,"{""lat"": ""-38.6957"", ""lon"": ""143.7733"", ""geojson"": ""{\""type\"":\""Point\"",\""coordinates\"":[143.7733,-38.6957,171.0]}"", ""site"": ""Inside House"", ""alt"": ""171.0""}",b827ebfffe46b14f,-100.0,-2.0,,,,,,,,,,,,,,,,,,,,,,,,,,,,,,
69ff4d2b4799c2c4682091ad,2026-05-09T15:05:15.297413506+00:00,2026-05-09T15:05:15.585Z,1778339115586.0,application/3a8594c3-7866-4007-9786-b5ec52b2d117/device/00137a100004579c/event/up,a162a36e-6007-41d7-b72e-eb8f77a0f6fa,ChirpStack,monitoring,R711 - Wireless Temperature and Humidity Sensor,R71104579C,00137a100004579c,CLASS_A,01c3adaf,827.0,6.0,False,True,0.0,au915_0,"{""Device"": ""R711(R712)"", ""Temp"": 19.91, ""Volt"": 3.1, ""Humi"": 58.57}",Inside House,-38.6957,143.7733,171.0,"{""site"": ""Inside House"", ""geojson"": ""{\""type\"":\""Point\"",\""coordinates\"":[143.7733,-38.6957,171.0]}"", ""lon"": ""143.7733"", ""alt"": ""171.0"", ""lat"": ""-38.6957""}",b827ebfffe46b14f,-104.0,4.25,,,,,,,,,,,,,,,,,,,,,,,,,,,,,,
69ff5b3b4799c2c4682091b7,2026-05-09T16:05:29.687+00:00,2026-05-09T16:05:15.468Z,1778342715468.0,application/3a8594c3-7866-4007-9786-b5ec52b2d117/device/00137a100004579c/event/up,c8aec977-a3fa-4c1a-8d67-ec0c2a70e96e,ChirpStack,monitoring,R711 - Wireless Temperature and Humidity Sensor,R71104579C,00137a100004579c,CLASS_A,01c3adaf,828.0,6.0,False,True,0.0,au915_0,"{""Volt"": 3.1, ""Humi"": 58.44, ""Device"": ""R711(R712)"", ""Temp"": 19.71}",Inside House,-38.6957,143.7733,171.0,"{""lon"": ""143.7733"", ""site"": ""Inside House"", ""lat"": ""-38.6957"", ""alt"": ""171.0"", ""geojson"": ""{\""type\"":\""Point\"",\""coordinates\"":[143.7733,-38.6957,171.0]}""}",b827ebfffe46b14f,-96.0,2.0,,,,,,,,,,,,,,,,,,,,,,,,,,,,,,
69ff694b4799c2c4682091c1,2026-05-09T17:05:15.103188513+00:00,2026-05-09T17:05:15.377Z,1778346315377.0,application/3a8594c3-7866-4007-9786-b5ec52b2d117/device/00137a100004579c/event/up,9469fb98-bbe8-41af-946a-dc84affaa8b1,ChirpStack,monitoring,R711 - Wireless Temperature and Humidity Sensor,R71104579C,00137a100004579c,CLASS_A,01c3adaf,829.0,6.0,False,True,0.0,au915_0,"{""Volt"": 3.1, ""Temp"": 19.58, ""Humi"": 58.39, ""Device"": ""R711(R712)""}",Inside House,-38.6957,143.7733,171.0,"{""site"": ""Inside House"", ""alt"": ""171.0"", ""lon"": ""143.7733"", ""geojson"": ""{\""type\"":\""Point\"",\""coordinates\"":[143.7733,-38.6957,171.0]}"", ""lat"": ""-38.6957""}",b827ebfffe46b14f,-100.0,2.75,,,,,,,,,,,,,,,,,,,,,,,,,,,,,,
69ff775b4799c2c4682091d0,2026-05-09T18:05:39.463+00:00,2026-05-09T18:05:15.288Z,1778349915288.0,application/3a8594c3-7866-4007-9786-b5ec52b2d117/device/00137a100004579c/event/up,f43a8525-b927-4475-86c0-6942be3f8852,ChirpStack,monitoring,R711 - Wireless Temperature and Humidity Sensor,R71104579C,00137a100004579c,CLASS_A,01c3adaf,830.0,6.0,False,True,0.0,au915_0,"{""Device"": ""R711(R712)"", ""Humi"": 58.47, ""Temp"": 19.44, ""Volt"": 3.1}",Inside House,-38.6957,143.7733,171.0,"{""geojson"": ""{\""type\"":\""Point\"",\""coordinates\"":[143.7733,-38.6957,171.0]}"", ""alt"": ""171.0"", ""lat"": ""-38.6957"", ""site"": ""Inside House"", ""lon"": ""143.7733""}",b827ebfffe46b14f,-96.0,3.75,,,,,,,,,,,,,,,,,,,,,,,,,,,,,,
69ff856b4799c2c4682091da,2026-05-09T19:05:14.909378399+00:00,2026-05-09T19:05:15.138Z,1778353515139.0,application/3a8594c3-7866-4007-9786-b5ec52b2d117/device/00137a100004579c/event/up,a17ae4ca-6fa6-4a00-bc65-34a451c80f84,ChirpStack,monitoring,R711 - Wireless Temperature and Humidity Sensor,R71104579C,00137a100004579c,CLASS_A,01c3adaf,831.0,6.0,False,True,0.0,au915_0,"{""Humi"": 58.53, ""Volt"": 3.1, ""Temp"": 19.27, ""Device"": ""R711(R712)""}",Inside House,-38.6957,143.7733,171.0,"{""site"": ""Inside House"", ""lon"": ""143.7733"", ""alt"": ""171.0"", ""lat"": ""-38.6957"", ""geojson"": ""{\""type\"":\""Point\"",\""coordinates\"":[143.7733,-38.6957,171.0]}""}",b827ebfffe46b14f,-104.0,2.25,,,,,,,,,,,,,,,,,,,,,,,,,,,,,,
69ff937b4799c2c4682091e3,2026-05-09T20:06:07.304+00:00,2026-05-09T20:05:15.121Z,1778357115121.0,application/3a8594c3-7866-4007-9786-b5ec52b2d117/device/00137a100004579c/event/up,85918888-96cf-4fae-9813-b49ce74230de,ChirpStack,monitoring,R711 - Wireless Temperature and Humidity Sensor,R71104579C,00137a100004579c,CLASS_A,01c3adaf,832.0,6.0,False,True,0.0,au915_0,"{""Humi"": 59.16, ""Temp"": 19.53, ""Volt"": 3.1, ""Device"": ""R711(R712)""}",Inside House,-38.6957,143.7733,171.0,"{""site"": ""Inside House"", ""geojson"": ""{\""type\"":\""Point\"",\""coordinates\"":[143.7733,-38.6957,171.0]}"", ""alt"": ""171.0"", ""lon"": ""143.7733"", ""lat"": ""-38.6957""}",b827ebfffe46b14f,-97.0,0.75,,,,,,,,,,,,,,,,,,,,,,,,,,,,,,
69ffa18a4799c2c4682091ed,2026-05-09T21:06:07.192+00:00,2026-05-09T21:05:14.981Z,1778360714982.0,application/3a8594c3-7866-4007-9786-b5ec52b2d117/device/00137a100004579c/event/up,aa06aec3-5d95-4cb3-bc7a-ce1cf0f11d13,ChirpStack,monitoring,R711 - Wireless Temperature and Humidity Sensor,R71104579C,00137a100004579c,CLASS_A,01c3adaf,833.0,6.0,False,True,0.0,au915_0,"{""Temp"": 20.01, ""Device"": ""R711(R712)"", ""Volt"": 3.1, ""Humi"": 59.39}",Inside House,-38.6957,143.7733,171.0,"{""lat"": ""-38.6957"", ""site"": ""Inside House"", ""geojson"": ""{\""type\"":\""Point\"",\""coordinates\"":[143.7733,-38.6957,171.0]}"", ""alt"": ""171.0"", ""lon"": ""143.7733""}",b827ebfffe46b14f,-100.0,0.75,,,,,,,,,,,,,,,,,,,,,,,,,,,,,,
69ffaf9a4799c2c4682091f6,2026-05-09T22:06:08.078+00:00,2026-05-09T22:05:14.900Z,1778364314901.0,application/3a8594c3-7866-4007-9786-b5ec52b2d117/device/00137a100004579c/event/up,1cd7b8d1-090e-42aa-a435-709c0f92b6a4,ChirpStack,monitoring,R711 - Wireless Temperature and Humidity Sensor,R71104579C,00137a100004579c,CLASS_A,01c3adaf,834.0,6.0,False,True,0.0,au915_0,"{""Humi"": 58.87, ""Volt"": 3.1, ""Device"": ""R711(R712)"", ""Temp"": 20.07}",Inside House,-38.6957,143.7733,171.0,"{""geojson"": ""{\""type\"":\""Point\"",\""coordinates\"":[143.7733,-38.6957,171.0]}"", ""lon"": ""143.7733"", ""alt"": ""171.0"", ""lat"": ""-38.6957"", ""site"": ""Inside House""}",b827ebfffe46b14f,-82.0,8.5,,,,,,,,,,,,,,,,,,,,,,,,,,,,,,
69ffbdaa4799c2c468209200,2026-05-09T23:06:02.963+00:00,2026-05-09T23:05:14.784Z,1778367914784.0,application/3a8594c3-7866-4007-9786-b5ec52b2d117/device/00137a100004579c/event/up,09bf30c2-c81b-48c7-a4f8-7183cd20fad2,ChirpStack,monitoring,R711 - Wireless Temperature and Humidity Sensor,R71104579C,00137a100004579c,CLASS_A,01c3adaf,835.0,6.0,False,True,0.0,au915_0,"{""Temp"": 20.22, ""Device"": ""R711(R712)"", ""Humi"": 58.97, ""Volt"": 3.1}",Inside House,-38.6957,143.7733,171.0,"{""site"": ""Inside House"", ""geojson"": ""{\""type\"":\""Point\"",\""coordinates\"":[143.7733,-38.6957,171.0]}"", ""lon"": ""143.7733"", ""alt"": ""171.0"", ""lat"": ""-38.6957""}",b827ebfffe46b14f,-104.0,-3.0,,,,,,,,,,,,,,,,,,,,,,,,,,,,,,
69ffcbba4799c2c46820920a,2026-05-10T00:05:40.215+00:00,2026-05-10T00:05:14.702Z,1778371514702.0,application/3a8594c3-7866-4007-9786-b5ec52b2d117/device/00137a100004579c/event/up,d9ac7b7b-f924-45b0-aed7-131df0465a5c,ChirpStack,monitoring,R711 - Wireless Temperature and Humidity Sensor,R71104579C,00137a100004579c,CLASS_A,01c3adaf,836.0,6.0,False,True,0.0,au915_0,"{""Volt"": 3.1, ""Temp"": 20.46, ""Device"": ""R711(R712)"", ""Humi"": 58.77}",Inside House,-38.6957,143.7733,171.0,"{""site"": ""Inside House"", ""alt"": ""171.0"", ""lon"": ""143.7733"", ""lat"": ""-38.6957"", ""geojson"": ""{\""type\"":\""Point\"",\""coordinates\"":[143.7733,-38.6957,171.0]}""}",b827ebfffe46b14f,-99.0,0.25,,,,,,,,,,,,,,,,,,,,,,,,,,,,,,
69ffd9ca4799c2c468209215,2026-05-10T01:05:40.100+00:00,2026-05-10T01:05:14.551Z,1778375114551.0,application/3a8594c3-7866-4007-9786-b5ec52b2d117/device/00137a100004579c/event/up,792ad664-199c-4dc9-a086-1254f23386f5,ChirpStack,monitoring,R711 - Wireless Temperature and Humidity Sensor,R71104579C,00137a100004579c,CLASS_A,01c3adaf,837.0,6.0,False,True,0.0,au915_0,"{""Volt"": 3.1, ""Device"": ""R711(R712)"", ""Humi"": 58.68, ""Temp"": 20.46}",Inside House,-38.6957,143.7733,171.0,"{""geojson"": ""{\""type\"":\""Point\"",\""coordinates\"":[143.7733,-38.6957,171.0]}"", ""lat"": ""-38.6957"", ""site"": ""Inside House"", ""lon"": ""143.7733"", ""alt"": ""171.0""}",b827ebfffe46b14f,-101.0,-4.5,,,,,,,,,,,,,,,,,,,,,,,,,,,,,,
69ffe7da4799c2c46820921f,2026-05-10T02:05:39.982+00:00,2026-05-10T02:05:14.493Z,1778378714493.0,application/3a8594c3-7866-4007-9786-b5ec52b2d117/device/00137a100004579c/event/up,6d827c67-7f48-45ff-92cb-e13d6e409f09,ChirpStack,monitoring,R711 - Wireless Temperature and Humidity Sensor,R71104579C,00137a100004579c,CLASS_A,01c3adaf,838.0,6.0,False,True,0.0,au915_0,"{""Temp"": 20.5, ""Humi"": 58.76, ""Device"": ""R711(R712)"", ""Volt"": 3.1}",Inside House,-38.6957,143.7733,171.0,"{""geojson"": ""{\""type\"":\""Point\"",\""coordinates\"":[143.7733,-38.6957,171.0]}"", ""lon"": ""143.7733"", ""site"": ""Inside House"", ""alt"": ""171.0"", ""lat"": ""-38.6957""}",b827ebfffe46b14f,-92.0,7.75,,,,,,,,,,,,,,,,,,,,,,,,,,,,,,
69fff5ea4799c2c46820922c,2026-05-10T03:05:39.869+00:00,2026-05-10T03:05:14.382Z,1778382314382.0,application/3a8594c3-7866-4007-9786-b5ec52b2d117/device/00137a100004579c/event/up,c1e7e059-f20b-4991-afb3-4820cc8fee39,ChirpStack,monitoring,R711 - Wireless Temperature and Humidity Sensor,R71104579C,00137a100004579c,CLASS_A,01c3adaf,839.0,6.0,False,True,0.0,au915_0,"{""Volt"": 3.1, ""Humi"": 58.92, ""Temp"": 20.49, ""Device"": ""R711(R712)""}",Inside House,-38.6957,143.7733,171.0,"{""lat"": ""-38.6957"", ""site"": ""Inside House"", ""lon"": ""143.7733"", ""geojson"": ""{\""type\"":\""Point\"",\""coordinates\"":[143.7733,-38.6957,171.0]}"", ""alt"": ""171.0""}",b827ebfffe46b14f,-100.0,7.5,,,,,,,,,,,,,,,,,,,,,,,,,,,,,,
6a0003fa4799c2c468209237,2026-05-10T04:05:37.752+00:00,2026-05-10T04:05:14.304Z,1778385914304.0,application/3a8594c3-7866-4007-9786-b5ec52b2d117/device/00137a100004579c/event/up,78685c0e-2f62-432b-a335-43048081677c,ChirpStack,monitoring,R711 - Wireless Temperature and Humidity Sensor,R71104579C,00137a100004579c,CLASS_A,01c3adaf,840.0,6.0,False,True,0.0,au915_0,"{""Humi"": 58.87, ""Device"": ""R711(R712)"", ""Volt"": 3.1, ""Temp"": 20.44}",Inside House,-38.6957,143.7733,171.0,"{""lon"": ""143.7733"", ""alt"": ""171.0"", ""geojson"": ""{\""type\"":\""Point\"",\""coordinates\"":[143.7733,-38.6957,171.0]}"", ""site"": ""Inside House"", ""lat"": ""-38.6957""}",b827ebfffe46b14f,-101.0,-13.75,,,,,,,,,,,,,,,,,,,,,,,,,,,,,,
6a00120a4799c2c468209241,2026-05-10T05:06:04.411+00:00,2026-05-10T05:05:14.203Z,1778389514203.0,application/3a8594c3-7866-4007-9786-b5ec52b2d117/device/00137a100004579c/event/up,93b6fb8c-de7d-4bb7-bb21-b7ba73ff7090,ChirpStack,monitoring,R711 - Wireless Temperature and Humidity Sensor,R71104579C,00137a100004579c,CLASS_A,01c3adaf,841.0,6.0,False,True,0.0,au915_0,"{""Volt"": 3.1, ""Device"": ""R711(R712)"", ""Temp"": 20.42, ""Humi"": 58.82}",Inside House,-38.6957,143.7733,171.0,"{""alt"": ""171.0"", ""lon"": ""143.7733"", ""geojson"": ""{\""type\"":\""Point\"",\""coordinates\"":[143.7733,-38.6957,171.0]}"", ""lat"": ""-38.6957"", ""site"": ""Inside House""}",b827ebfffe46b14f,-95.0,5.75,,,,,,,,,,,,,,,,,,,,,,,,,,,,,,
6a00201a29c3f904d39110fd,2026-05-10T06:05:33.295+00:00,2026-05-10T06:05:14.081Z,1778393114082.0,application/3a8594c3-7866-4007-9786-b5ec52b2d117/device/00137a100004579c/event/up,444cbb49-db6b-4198-8688-5b54cff367e4,ChirpStack,monitoring,R711 - Wireless Temperature and Humidity Sensor,R71104579C,00137a100004579c,CLASS_A,01c3adaf,842.0,6.0,False,True,0.0,au915_0,"{""Volt"": 3.1, ""Device"": ""R711(R712)"", ""Temp"": 20.5, ""Humi"": 59.04}",Inside House,-38.6957,143.7733,171.0,"{""alt"": ""171.0"", ""site"": ""Inside House"", ""lon"": ""143.7733"", ""lat"": ""-38.6957"", ""geojson"": ""{\""type\"":\""Point\"",\""coordinates\"":[143.7733,-38.6957,171.0]}""}",b827ebfffe46b14f,-86.0,7.5,,,,,,,,,,,,,,,,,,,,,,,,,,,,,,
6a002e2929c3f904d391110a,2026-05-10T07:05:29.180+00:00,2026-05-10T07:05:13.973Z,1778396713973.0,application/3a8594c3-7866-4007-9786-b5ec52b2d117/device/00137a100004579c/event/up,79a2917c-f863-459e-8533-1dd1711e5a55,ChirpStack,monitoring,R711 - Wireless Temperature and Humidity Sensor,R71104579C,00137a100004579c,CLASS_A,01c3adaf,843.0,6.0,False,True,0.0,au915_0,"{""Temp"": 21.49, ""Device"": ""R711(R712)"", ""Humi"": 59.98, ""Volt"": 3.1}",Inside House,-38.6957,143.7733,171.0,"{""site"": ""Inside House"", ""geojson"": ""{\""type\"":\""Point\"",\""coordinates\"":[143.7733,-38.6957,171.0]}"", ""lat"": ""-38.6957"", ""lon"": ""143.7733"", ""alt"": ""171.0""}",b827ebfffe46b14f,-90.0,7.0,,,,,,,,,,,,,,,,,,,,,,,,,,,,,,
